ID	Distribution	Ecozone	Continent
Bom32			
Bom119			
Bom13_80			
Boreus_cal			
Bom05_82			
Bom108			
Bom138			
Bom107			
F166	Brazilian subregion,Brazil,East-Asian subregion,China,Japan,Andean subregion,Chile,Ecuador,West-American subregion,USA,Amazonian subregion,Carribean subregion,Antillean,East-American subregion,Paraguay,Guyana,Colombia,Peru,Jamaica,Mexico	Palearctic,Nearctic,Neotropic,Indomalaya	Asia,North America,South America
F021	Brazilian subregion,Brazil,East-Asian subregion,China,Japan,Andean subregion,Chile,Ecuador,West-American subregion,USA,Amazonian subregion,Carribean subregion,Antillean,East-American subregion,Paraguay,Guyana,Colombia,Peru,Jamaica,Mexico	Palearctic,Nearctic,Neotropic,Indomalaya	Asia,North America,South America
F167	Brazilian subregion,Brazil,East-Asian subregion,China,Japan,Andean subregion,Chile,Ecuador,West-American subregion,USA,Amazonian subregion,Carribean subregion,Antillean,East-American subregion,Paraguay,Guyana,Colombia,Peru,Jamaica,Mexico	Palearctic,Nearctic,Neotropic,Indomalaya	Asia,North America,South America
F281	Patagonian subregion,Andean subregion,Argentina,Bolivia,Peru,Carribean subregion,Mexico,Brazilian subregion,Brazil,Chile,Amazonian subregion,Ecuador,Trinidad,Tobago,Venezuela	Palearctic,Nearctic,Neotropic	South America
F461	Patagonian subregion,Andean subregion,Argentina,Bolivia,Peru,Carribean subregion,Mexico,Brazilian subregion,Brazil,Chile,Amazonian subregion,Ecuador,Trinidad,Tobago,Venezuela	Palearctic,Nearctic,Neotropic	South America
F208	East-Mediterranean province,Cyprus,East-African subregion,Kenya,Nigeria,Senegal,Guinea-Bissau,Ghana,Angola,Indian subregion,Sahara-Arabian subregion,Iranian province,Turanian province,Iran,Iraq,Myanmar,Sri Lanka,India,Oman,Central-Australian subregion,West-Australian subregion,East-Australian subregion,Australia,Yemen,Uganda,Cape subregion,Botswana,West-Mediterranean province,Morocco,Earth,Central-Asian subregion,Russia,Ethiopia,Tunesia,Armenia,Azerbaijan,Turkmenistan,Afghanistan,China,Kirghizstan,Tajikistan,Uzbekistan,Kazakhstan,Zimbabwe,Zambia,South Africa,Tanzania,Namibia,Sudan,Egypt,Palestine,Israel,Jordan,Lesotho,Canary Islands,Cameroon,Malayan subregion,Christmas Island,Malawi,Papuan subregion,Papua New Guinea,Madagascar,Mozambique,Zaire,Hawaiian Islands	Palearctic,Nearctic,Afrotropic,Neotropic,Australasia,Indomalaya	Africa,Asia,Europe,North America,Oceania,South America
F204	East-Mediterranean province,Cyprus,East-African subregion,Kenya,Nigeria,Senegal,Guinea-Bissau,Ghana,Angola,Indian subregion,Sahara-Arabian subregion,Iranian province,Turanian province,Iran,Iraq,Myanmar,Sri Lanka,India,Oman,Central-Australian subregion,West-Australian subregion,East-Australian subregion,Australia,Yemen,Uganda,Cape subregion,Botswana,West-Mediterranean province,Morocco,Earth,Central-Asian subregion,Russia,Ethiopia,Tunesia,Armenia,Azerbaijan,Turkmenistan,Afghanistan,China,Kirghizstan,Tajikistan,Uzbekistan,Kazakhstan,Zimbabwe,Zambia,South Africa,Tanzania,Namibia,Sudan,Egypt,Palestine,Israel,Jordan,Lesotho,Canary Islands,Cameroon,Malayan subregion,Christmas Island,Malawi,Papuan subregion,Papua New Guinea,Madagascar,Mozambique,Zaire,Hawaiian Islands	Palearctic,Nearctic,Afrotropic,Neotropic,Australasia,Indomalaya	Africa,Asia,Europe,North America,Oceania,South America
F205	East-Mediterranean province,Cyprus,East-African subregion,Kenya,Nigeria,Senegal,Guinea-Bissau,Ghana,Angola,Indian subregion,Sahara-Arabian subregion,Iranian province,Turanian province,Iran,Iraq,Myanmar,Sri Lanka,India,Oman,Central-Australian subregion,West-Australian subregion,East-Australian subregion,Australia,Yemen,Uganda,Cape subregion,Botswana,West-Mediterranean province,Morocco,Earth,Central-Asian subregion,Russia,Ethiopia,Tunesia,Armenia,Azerbaijan,Turkmenistan,Afghanistan,China,Kirghizstan,Tajikistan,Uzbekistan,Kazakhstan,Zimbabwe,Zambia,South Africa,Tanzania,Namibia,Sudan,Egypt,Palestine,Israel,Jordan,Lesotho,Canary Islands,Cameroon,Malayan subregion,Christmas Island,Malawi,Papuan subregion,Papua New Guinea,Madagascar,Mozambique,Zaire,Hawaiian Islands	Palearctic,Nearctic,Afrotropic,Neotropic,Australasia,Indomalaya	Africa,Asia,Europe,North America,Oceania,South America
F206	East-Mediterranean province,Cyprus,East-African subregion,Kenya,Nigeria,Senegal,Guinea-Bissau,Ghana,Angola,Indian subregion,Sahara-Arabian subregion,Iranian province,Turanian province,Iran,Iraq,Myanmar,Sri Lanka,India,Oman,Central-Australian subregion,West-Australian subregion,East-Australian subregion,Australia,Yemen,Uganda,Cape subregion,Botswana,West-Mediterranean province,Morocco,Earth,Central-Asian subregion,Russia,Ethiopia,Tunesia,Armenia,Azerbaijan,Turkmenistan,Afghanistan,China,Kirghizstan,Tajikistan,Uzbekistan,Kazakhstan,Zimbabwe,Zambia,South Africa,Tanzania,Namibia,Sudan,Egypt,Palestine,Israel,Jordan,Lesotho,Canary Islands,Cameroon,Malayan subregion,Christmas Island,Malawi,Papuan subregion,Papua New Guinea,Madagascar,Mozambique,Zaire,Hawaiian Islands	Palearctic,Nearctic,Afrotropic,Neotropic,Australasia,Indomalaya	Africa,Asia,Europe,North America,Oceania,South America
F324	East-Mediterranean province,Cyprus,East-African subregion,Kenya,Nigeria,Senegal,Guinea-Bissau,Ghana,Angola,Indian subregion,Sahara-Arabian subregion,Iranian province,Turanian province,Iran,Iraq,Myanmar,Sri Lanka,India,Oman,Central-Australian subregion,West-Australian subregion,East-Australian subregion,Australia,Yemen,Uganda,Cape subregion,Botswana,West-Mediterranean province,Morocco,Earth,Central-Asian subregion,Russia,Ethiopia,Tunesia,Armenia,Azerbaijan,Turkmenistan,Afghanistan,China,Kirghizstan,Tajikistan,Uzbekistan,Kazakhstan,Zimbabwe,Zambia,South Africa,Tanzania,Namibia,Sudan,Egypt,Palestine,Israel,Jordan,Lesotho,Canary Islands,Cameroon,Malayan subregion,Christmas Island,Malawi,Papuan subregion,Papua New Guinea,Madagascar,Mozambique,Zaire,Hawaiian Islands	Palearctic,Nearctic,Afrotropic,Neotropic,Australasia,Indomalaya	Africa,Asia,Europe,North America,Oceania,South America
F319	East-Mediterranean province,Cyprus,East-African subregion,Kenya,Nigeria,Senegal,Guinea-Bissau,Ghana,Angola,Indian subregion,Sahara-Arabian subregion,Iranian province,Turanian province,Iran,Iraq,Myanmar,Sri Lanka,India,Oman,Central-Australian subregion,West-Australian subregion,East-Australian subregion,Australia,Yemen,Uganda,Cape subregion,Botswana,West-Mediterranean province,Morocco,Earth,Central-Asian subregion,Russia,Ethiopia,Tunesia,Armenia,Azerbaijan,Turkmenistan,Afghanistan,China,Kirghizstan,Tajikistan,Uzbekistan,Kazakhstan,Zimbabwe,Zambia,South Africa,Tanzania,Namibia,Sudan,Egypt,Palestine,Israel,Jordan,Lesotho,Canary Islands,Cameroon,Malayan subregion,Christmas Island,Malawi,Papuan subregion,Papua New Guinea,Madagascar,Mozambique,Zaire,Hawaiian Islands	Palearctic,Nearctic,Afrotropic,Neotropic,Australasia,Indomalaya	Africa,Asia,Europe,North America,Oceania,South America
F029	East-Mediterranean province,Cyprus,East-African subregion,Kenya,Nigeria,Senegal,Guinea-Bissau,Ghana,Angola,Indian subregion,Sahara-Arabian subregion,Iranian province,Turanian province,Iran,Iraq,Myanmar,Sri Lanka,India,Oman,Central-Australian subregion,West-Australian subregion,East-Australian subregion,Australia,Yemen,Uganda,Cape subregion,Botswana,West-Mediterranean province,Morocco,Earth,Central-Asian subregion,Russia,Ethiopia,Tunesia,Armenia,Azerbaijan,Turkmenistan,Afghanistan,China,Kirghizstan,Tajikistan,Uzbekistan,Kazakhstan,Zimbabwe,Zambia,South Africa,Tanzania,Namibia,Sudan,Egypt,Palestine,Israel,Jordan,Lesotho,Canary Islands,Cameroon,Malayan subregion,Christmas Island,Malawi,Papuan subregion,Papua New Guinea,Madagascar,Mozambique,Zaire,Hawaiian Islands	Palearctic,Nearctic,Afrotropic,Neotropic,Australasia,Indomalaya	Africa,Asia,Europe,North America,Oceania,South America
F133	East-Mediterranean province,Cyprus,East-African subregion,Kenya,Nigeria,Senegal,Guinea-Bissau,Ghana,Angola,Indian subregion,Sahara-Arabian subregion,Iranian province,Turanian province,Iran,Iraq,Myanmar,Sri Lanka,India,Oman,Central-Australian subregion,West-Australian subregion,East-Australian subregion,Australia,Yemen,Uganda,Cape subregion,Botswana,West-Mediterranean province,Morocco,Earth,Central-Asian subregion,Russia,Ethiopia,Tunesia,Armenia,Azerbaijan,Turkmenistan,Afghanistan,China,Kirghizstan,Tajikistan,Uzbekistan,Kazakhstan,Zimbabwe,Zambia,South Africa,Tanzania,Namibia,Sudan,Egypt,Palestine,Israel,Jordan,Lesotho,Canary Islands,Cameroon,Malayan subregion,Christmas Island,Malawi,Papuan subregion,Papua New Guinea,Madagascar,Mozambique,Zaire,Hawaiian Islands	Palearctic,Nearctic,Afrotropic,Neotropic,Australasia,Indomalaya	Africa,Asia,Europe,North America,Oceania,South America
F286	Madagascar	Afrotropic	Africa
F054	East-African subregion,Sahara-Arabian subregion,East-Mediterranean province,Jordan,Israel,Sudan,Egypt,Ethiopia,Cyprus,Kenya,Tanzania	Palearctic,Afrotropic	Africa,Asia,Europe
Puf01	East-Mediterranean province,Yemen,Palestine,Lebanon,Madagascar,Earth,West-African subregion,Gabon,Cape subregion,South Africa,East-African subregion,Sierra Leone,Guinea-Bissau,Nigeria,Senegal,Uganda,Kenya,Namibia,Ghana,Zimbabwe,Malawi,Zaire,Tanzania,Ethiopia,Somali,Sudan,West-American subregion,USA,Malayan subregion,Indo-Chinese subregion,Indian subregion,Sri Lanka,India,Indonesia,Philippines,Malaysia,Vietnam,Myanmar	Palearctic,Nearctic,Afrotropic,Neotropic,Australasia,Indomalaya	Africa,Asia,Europe,North America,Oceania,South America
F222	East-Mediterranean province,Yemen,Palestine,Lebanon,Madagascar,Earth,West-African subregion,Gabon,Cape subregion,South Africa,East-African subregion,Sierra Leone,Guinea-Bissau,Nigeria,Senegal,Uganda,Kenya,Namibia,Ghana,Zimbabwe,Malawi,Zaire,Tanzania,Ethiopia,Somali,Sudan,West-American subregion,USA,Malayan subregion,Indo-Chinese subregion,Indian subregion,Sri Lanka,India,Indonesia,Philippines,Malaysia,Vietnam,Myanmar	Palearctic,Nearctic,Afrotropic,Neotropic,Australasia,Indomalaya	Africa,Asia,Europe,North America,Oceania,South America
MerA1	East-Mediterranean province,Yemen,Palestine,Lebanon,Madagascar,Earth,West-African subregion,Gabon,Cape subregion,South Africa,East-African subregion,Sierra Leone,Guinea-Bissau,Nigeria,Senegal,Uganda,Kenya,Namibia,Ghana,Zimbabwe,Malawi,Zaire,Tanzania,Ethiopia,Somali,Sudan,West-American subregion,USA,Malayan subregion,Indo-Chinese subregion,Indian subregion,Sri Lanka,India,Indonesia,Philippines,Malaysia,Vietnam,Myanmar	Palearctic,Nearctic,Afrotropic,Neotropic,Australasia,Indomalaya	Africa,Asia,Europe,North America,Oceania,South America
F326	Mediterranean subregion,European province,Russia,Belgium,Netherlands,Germany,Austria,Switzerland,Hungary,France,Romania,Lebanon,Italy,Serbia,Bulgaria,Portugal,Syria,Palestine,Czech,East-West-Mediterranean province,Greece,Turkey,Macedonia (Greece),Great Britain,West-Mediterranean province,East-Asian subregion,Siberian province,China	Palearctic,Indomalaya	Africa,Asia,Europe
F320	Cape subregion,East-African subregion,Kenya,Somali,South Africa,Central-Australian subregion,West-Australian subregion,East-Australian subregion,Australia,Earth,West-American subregion,USA,Ethiopia,Uganda,Tanzania,Malawi,Zimbabwe,Senegal,West-Mediterranean province,Egypt,Turkey,Greece,Morocco,Italy,Central-Asian subregion,East-Asian subregion,China,Turanian province,Kazakhstan,East-Mediterranean province,Iranian province,Palestine,Iran,Lebanon,Armenia,Tunesia,Canary Islands,European province,Mongolia	Palearctic,Nearctic,Afrotropic,Neotropic,Australasia,Indomalaya	Africa,Asia,Europe,North America,Oceania,South America
F058	Cape subregion,East-African subregion,Kenya,Somali,South Africa,Central-Australian subregion,West-Australian subregion,East-Australian subregion,Australia,Earth,West-American subregion,USA,Ethiopia,Uganda,Tanzania,Malawi,Zimbabwe,Senegal,West-Mediterranean province,Egypt,Turkey,Greece,Morocco,Italy,Central-Asian subregion,East-Asian subregion,China,Turanian province,Kazakhstan,East-Mediterranean province,Iranian province,Palestine,Iran,Lebanon,Armenia,Tunesia,Canary Islands,European province,Mongolia	Palearctic,Nearctic,Afrotropic,Neotropic,Australasia,Indomalaya	Africa,Asia,Europe,North America,Oceania,South America
F139	Cape subregion,East-African subregion,Kenya,Somali,South Africa,Central-Australian subregion,West-Australian subregion,East-Australian subregion,Australia,Earth,West-American subregion,USA,Ethiopia,Uganda,Tanzania,Malawi,Zimbabwe,Senegal,West-Mediterranean province,Egypt,Turkey,Greece,Morocco,Italy,Central-Asian subregion,East-Asian subregion,China,Turanian province,Kazakhstan,East-Mediterranean province,Iranian province,Palestine,Iran,Lebanon,Armenia,Tunesia,Canary Islands,European province,Mongolia	Palearctic,Nearctic,Afrotropic,Neotropic,Australasia,Indomalaya	Africa,Asia,Europe,North America,Oceania,South America
Puf30	Carribean subregion,Costa Rica,West-American subregion,Panama,Earth,USA,Guatemala	Palearctic,Nearctic,Afrotropic,Neotropic,Australasia,Indomalaya	Africa,Asia,Europe,North America,Oceania,South America
F464	Carribean subregion,Costa Rica,West-American subregion,Panama,Earth,USA,Guatemala	Palearctic,Nearctic,Afrotropic,Neotropic,Australasia,Indomalaya	Africa,Asia,Europe,North America,Oceania,South America
F130	East-Mediterranean province,West-Mediterranean province,European province,Netherlands,Italy,Germany,Great Britain,France,Morocco,Spain	Palearctic	Africa,Asia,Europe
F037	West-American subregion,Canadian subregion,USA,Canada,East-American subregion,Carribean subregion,Ecuador,Mexico	Nearctic,Neotropic	North America,South America
F047	West-American subregion,Mexico,USA	Nearctic,Neotropic	North America,South America
F283	Carribean subregion,Peru,Patagonian subregion,Argentina,Chile,Andean subregion,Brazilian subregion,Bolivia	Palearctic,Neotropic	South America
F274	Carribean subregion,Peru,Patagonian subregion,Argentina,Chile,Andean subregion,Brazilian subregion,Bolivia	Palearctic,Neotropic	South America
F282	Carribean subregion,Peru,Patagonian subregion,Argentina,Chile,Andean subregion,Brazilian subregion,Bolivia	Palearctic,Neotropic	South America
F278	Carribean subregion,Peru,Patagonian subregion,Argentina,Chile,Andean subregion,Brazilian subregion,Bolivia	Palearctic,Neotropic	South America
F162	Carribean subregion,Peru,Patagonian subregion,Argentina,Chile,Andean subregion,Brazilian subregion,Bolivia	Palearctic,Neotropic	South America
F110	Carribean subregion,Peru,Patagonian subregion,Argentina,Chile,Andean subregion,Brazilian subregion,Bolivia	Palearctic,Neotropic	South America
F112	Carribean subregion,Peru,Patagonian subregion,Argentina,Chile,Andean subregion,Brazilian subregion,Bolivia	Palearctic,Neotropic	South America
F273	Patagonian subregion,Argentina,Chile,Falkland Islands	Neotropic	South America
F277	Patagonian subregion,Argentina,Chile,Falkland Islands	Neotropic	South America
F056	Patagonian subregion,Argentina,Central-Australian subregion,East-Australian subregion,Australia,New Zealand,Andean subregion,Carribean subregion,Ecuador,Tristan da Cunha,Antarctic region,Kerguelen Islands,Cape subregion,South Africa,Falkland Islands,West-Australian subregion	Afrotropic,Neotropic,Australasia	Africa,Antarctica,Oceania,South America
Rhf62	Patagonian subregion,Argentina,Central-Australian subregion,East-Australian subregion,Australia,New Zealand,Andean subregion,Carribean subregion,Ecuador,Tristan da Cunha,Antarctic region,Kerguelen Islands,Cape subregion,South Africa,Falkland Islands,West-Australian subregion	Afrotropic,Neotropic,Australasia	Africa,Antarctica,Oceania,South America
F267	Patagonian subregion,Chile,Andean subregion,Argentina,Ecuador,Peru	Neotropic	South America
F333	Patagonian subregion,Chile,Andean subregion,Argentina,Ecuador,Peru	Neotropic	South America
F265	Patagonian subregion,Chile,Andean subregion,Argentina,Ecuador,Peru	Neotropic	South America
F209	Patagonian subregion,Argentina,Brazilian subregion,Brazil,Carribean subregion,Salvador,Andean subregion,Amazonian subregion,Paraguay,Venezuela,Ecuador,Peru,Colombia,Bolivia,Trinidad,Tobago,Panama,East-American subregion,USA,West-American subregion,Suriname,Costa Rica,Mexico	Palearctic,Nearctic,Neotropic	North America,South America
F294	Patagonian subregion,Argentina,Brazilian subregion,Brazil,Carribean subregion,Salvador,Andean subregion,Amazonian subregion,Paraguay,Venezuela,Ecuador,Peru,Colombia,Bolivia,Trinidad,Tobago,Panama,East-American subregion,USA,West-American subregion,Suriname,Costa Rica,Mexico	Palearctic,Nearctic,Neotropic	North America,South America
Rhf81	Patagonian subregion,Argentina,Brazilian subregion,Brazil,Carribean subregion,Salvador,Andean subregion,Amazonian subregion,Paraguay,Venezuela,Ecuador,Peru,Colombia,Bolivia,Trinidad,Tobago,Panama,East-American subregion,USA,West-American subregion,Suriname,Costa Rica,Mexico	Palearctic,Nearctic,Neotropic	North America,South America
F104	Patagonian subregion,Argentina,Brazilian subregion,Brazil,Carribean subregion,Salvador,Andean subregion,Amazonian subregion,Paraguay,Venezuela,Ecuador,Peru,Colombia,Bolivia,Trinidad,Tobago,Panama,East-American subregion,USA,West-American subregion,Suriname,Costa Rica,Mexico	Palearctic,Nearctic,Neotropic	North America,South America
F105	Patagonian subregion,Argentina,Brazilian subregion,Brazil,Carribean subregion,Salvador,Andean subregion,Amazonian subregion,Paraguay,Venezuela,Ecuador,Peru,Colombia,Bolivia,Trinidad,Tobago,Panama,East-American subregion,USA,West-American subregion,Suriname,Costa Rica,Mexico	Palearctic,Nearctic,Neotropic	North America,South America
F330	Andean subregion,Brazilian subregion,Amazonian subregion,Carribean subregion,Paraguay,Colombia,Brazil,Bolivia,Costa Rica,Venezuela,Mexico,Peru,Ecuador,Panama,Argentina,East-American subregion,USA	Palearctic,Nearctic,Neotropic	North America,South America
F092	Patagonian subregion,Argentina,Andean subregion,Peru,Ecuador,Chile,Bolivia,Brazilian subregion	Palearctic,Neotropic	South America
CE1	Patagonian subregion,Argentina	Neotropic	South America
F410	Patagonian subregion,Argentina	Neotropic	South America
CE2	Patagonian subregion,Argentina	Neotropic	South America
F223	East-Asian subregion,China,Central-Asian subregion,Siberian province,European province,Mongolia,Russia,Georgia,Canadian subregion,USA,Iranian province,Turanian province,Armenia,Azerbaijan,Turkmenistan,Kazakhstan,Romania,Serbia,Hungary,Czech,Denmark,Germany,Nepal,West-American subregion,India,Switzerland,Japan,Uzbekistan,Kirghizstan,East-American subregion,France,Ukraine,Slovakia,Italy,Canada,Norway,Greenland	Palearctic,Nearctic,Afrotropic,Indomalaya	Asia,Europe,North America
F192	East-Asian subregion,China,Central-Asian subregion,Siberian province,European province,Mongolia,Russia,Georgia,Canadian subregion,USA,Iranian province,Turanian province,Armenia,Azerbaijan,Turkmenistan,Kazakhstan,Romania,Serbia,Hungary,Czech,Denmark,Germany,Nepal,West-American subregion,India,Switzerland,Japan,Uzbekistan,Kirghizstan,East-American subregion,France,Ukraine,Slovakia,Italy,Canada,Norway,Greenland	Palearctic,Nearctic,Afrotropic,Indomalaya	Asia,Europe,North America
Cof60	Iranian province,Afghanistan,Sahara-Arabian subregion,Tunesia,Israel,Azerbaijan,Turanian province,European province,Turkmenistan,Tajikistan,Uzbekistan,Kazakhstan,Russia,Iran,Syria,Saudi Arabia,Central-Asian subregion,Mongolia,China,Iraq,West-Mediterranean province,Morocco	Palearctic,Afrotropic,Indomalaya	Africa,Asia,Europe
F243	East-Australian subregion,Australia	Australasia	Oceania
F202	Central-Australian subregion,Australia,East-Australian subregion	Australasia	Oceania
F244	West-Australian subregion,Australia,East-Australian subregion,New Zealand,Papuan subregion,Papua New Guinea	Australasia	Oceania
F117	West-Australian subregion,Australia,East-Australian subregion,New Zealand,Papuan subregion,Papua New Guinea	Australasia	Oceania
F177	Papuan subregion,Papua New Guinea,East-Australian subregion,Australia,Malayan subregion,Malaysia	Australasia,Indomalaya	Asia,Oceania
F156	East-Australian subregion,Australia	Australasia	Oceania
F176	Papuan subregion,Papua New Guinea,East-Australian subregion,Australia,Indonesia	Australasia,Indomalaya	Asia,Oceania
F236	East-Asian subregion,Japan,China,East-African subregion,Tanzania,Zaire,Indo-Chinese subregion,Indian subregion,Sri Lanka,Nepal,India,Malayan subregion,Malaysia,Indonesia,Thailand,Vietnam	Palearctic,Afrotropic,Australasia,Indomalaya	Africa,Asia,Oceania
F255	East-Asian subregion,Japan,China,East-African subregion,Tanzania,Zaire,Indo-Chinese subregion,Indian subregion,Sri Lanka,Nepal,India,Malayan subregion,Malaysia,Indonesia,Thailand,Vietnam	Palearctic,Afrotropic,Australasia,Indomalaya	Africa,Asia,Oceania
F280	East-Asian subregion,Japan,China,East-African subregion,Tanzania,Zaire,Indo-Chinese subregion,Indian subregion,Sri Lanka,Nepal,India,Malayan subregion,Malaysia,Indonesia,Thailand,Vietnam	Palearctic,Afrotropic,Australasia,Indomalaya	Africa,Asia,Oceania
F270	East-Asian subregion,Japan,China,East-African subregion,Tanzania,Zaire,Indo-Chinese subregion,Indian subregion,Sri Lanka,Nepal,India,Malayan subregion,Malaysia,Indonesia,Thailand,Vietnam	Palearctic,Afrotropic,Australasia,Indomalaya	Africa,Asia,Oceania
F175	Papuan subregion,Indonesia,Papua New Guinea,East-Australian subregion,Australia	Australasia,Indomalaya	Asia,Oceania
F178	Papuan subregion,Papua New Guinea,Indonesia	Australasia,Indomalaya	Asia,Oceania
F023	West-American subregion,USA,Mexico,Canada,East-American subregion,Carribean subregion	Nearctic,Neotropic	North America,South America
F189	West-American subregion,USA,East-American subregion	Nearctic	North America
F007	West-American subregion,USA,Canadian subregion,Canada	Nearctic	North America
F024	West-American subregion,Canadian subregion,USA	Nearctic	North America
F098	West-American subregion,USA	Nearctic	North America
F334	Patagonian subregion,Argentina,Andean subregion,Peru,Chile	Neotropic	South America
F099	West-American subregion,USA	Nearctic	North America
F423	East-African subregion,Tanzania,Kenya,Turanian province,European province,Georgia,Armenia,Azerbaijan,Russia,West-African subregion,Nigeria,East-Asian subregion,China,Bulgaria,Bosnia and Herzegovina,France,Serbia,Slovenia,Norway,Sweden,Germany,Denmark,Italy,Finland,Albania,Belgium,Luxemburg (province),Austria,Poland,Ukraine,Netherlands,Macedonia (Greece),Greece,Romania,East-Mediterranean province,West-Mediterranean province,Slovakia,Switzerland,Ethiopia,Iranian province,Iraq,Andorra,Spain,Angola,Iran,Malawi,Zaire,Portugal,Central-Asian subregion,Siberian province,Mongolia,Hungary,Great Britain,Czech,Congo,Central African Republic,Uganda,Turkey,West-American subregion,USA,Mexico,Cape subregion,South Africa,Croatia,Israel,Korea,Lebanon,Carribean subregion,Ivory Coast,Turkmenistan,Uzbekistan,Kazakhstan,Kirghizstan,Zambia,Ghana,Sudan,Montenegro,Indo-Chinese subregion,Vietnam,East-American subregion,Canada,Algeria,Morocco,Guatemala,Zimbabwe	Palearctic,Nearctic,Afrotropic,Neotropic,Indomalaya	Africa,Asia,Europe,North America,South America
F462	East-African subregion,Tanzania,Kenya,Turanian province,European province,Georgia,Armenia,Azerbaijan,Russia,West-African subregion,Nigeria,East-Asian subregion,China,Bulgaria,Bosnia and Herzegovina,France,Serbia,Slovenia,Norway,Sweden,Germany,Denmark,Italy,Finland,Albania,Belgium,Luxemburg (province),Austria,Poland,Ukraine,Netherlands,Macedonia (Greece),Greece,Romania,East-Mediterranean province,West-Mediterranean province,Slovakia,Switzerland,Ethiopia,Iranian province,Iraq,Andorra,Spain,Angola,Iran,Malawi,Zaire,Portugal,Central-Asian subregion,Siberian province,Mongolia,Hungary,Great Britain,Czech,Congo,Central African Republic,Uganda,Turkey,West-American subregion,USA,Mexico,Cape subregion,South Africa,Croatia,Israel,Korea,Lebanon,Carribean subregion,Ivory Coast,Turkmenistan,Uzbekistan,Kazakhstan,Kirghizstan,Zambia,Ghana,Sudan,Montenegro,Indo-Chinese subregion,Vietnam,East-American subregion,Canada,Algeria,Morocco,Guatemala,Zimbabwe	Palearctic,Nearctic,Afrotropic,Neotropic,Indomalaya	Africa,Asia,Europe,North America,South America
F234	East-African subregion,Tanzania,Kenya,Turanian province,European province,Georgia,Armenia,Azerbaijan,Russia,West-African subregion,Nigeria,East-Asian subregion,China,Bulgaria,Bosnia and Herzegovina,France,Serbia,Slovenia,Norway,Sweden,Germany,Denmark,Italy,Finland,Albania,Belgium,Luxemburg (province),Austria,Poland,Ukraine,Netherlands,Macedonia (Greece),Greece,Romania,East-Mediterranean province,West-Mediterranean province,Slovakia,Switzerland,Ethiopia,Iranian province,Iraq,Andorra,Spain,Angola,Iran,Malawi,Zaire,Portugal,Central-Asian subregion,Siberian province,Mongolia,Hungary,Great Britain,Czech,Congo,Central African Republic,Uganda,Turkey,West-American subregion,USA,Mexico,Cape subregion,South Africa,Croatia,Israel,Korea,Lebanon,Carribean subregion,Ivory Coast,Turkmenistan,Uzbekistan,Kazakhstan,Kirghizstan,Zambia,Ghana,Sudan,Montenegro,Indo-Chinese subregion,Vietnam,East-American subregion,Canada,Algeria,Morocco,Guatemala,Zimbabwe	Palearctic,Nearctic,Afrotropic,Neotropic,Indomalaya	Africa,Asia,Europe,North America,South America
F094	East-African subregion,Tanzania,Kenya,Turanian province,European province,Georgia,Armenia,Azerbaijan,Russia,West-African subregion,Nigeria,East-Asian subregion,China,Bulgaria,Bosnia and Herzegovina,France,Serbia,Slovenia,Norway,Sweden,Germany,Denmark,Italy,Finland,Albania,Belgium,Luxemburg (province),Austria,Poland,Ukraine,Netherlands,Macedonia (Greece),Greece,Romania,East-Mediterranean province,West-Mediterranean province,Slovakia,Switzerland,Ethiopia,Iranian province,Iraq,Andorra,Spain,Angola,Iran,Malawi,Zaire,Portugal,Central-Asian subregion,Siberian province,Mongolia,Hungary,Great Britain,Czech,Congo,Central African Republic,Uganda,Turkey,West-American subregion,USA,Mexico,Cape subregion,South Africa,Croatia,Israel,Korea,Lebanon,Carribean subregion,Ivory Coast,Turkmenistan,Uzbekistan,Kazakhstan,Kirghizstan,Zambia,Ghana,Sudan,Montenegro,Indo-Chinese subregion,Vietnam,East-American subregion,Canada,Algeria,Morocco,Guatemala,Zimbabwe	Palearctic,Nearctic,Afrotropic,Neotropic,Indomalaya	Africa,Asia,Europe,North America,South America
Ctf67	East-African subregion,Tanzania,Kenya,Turanian province,European province,Georgia,Armenia,Azerbaijan,Russia,West-African subregion,Nigeria,East-Asian subregion,China,Bulgaria,Bosnia and Herzegovina,France,Serbia,Slovenia,Norway,Sweden,Germany,Denmark,Italy,Finland,Albania,Belgium,Luxemburg (province),Austria,Poland,Ukraine,Netherlands,Macedonia (Greece),Greece,Romania,East-Mediterranean province,West-Mediterranean province,Slovakia,Switzerland,Ethiopia,Iranian province,Iraq,Andorra,Spain,Angola,Iran,Malawi,Zaire,Portugal,Central-Asian subregion,Siberian province,Mongolia,Hungary,Great Britain,Czech,Congo,Central African Republic,Uganda,Turkey,West-American subregion,USA,Mexico,Cape subregion,South Africa,Croatia,Israel,Korea,Lebanon,Carribean subregion,Ivory Coast,Turkmenistan,Uzbekistan,Kazakhstan,Kirghizstan,Zambia,Ghana,Sudan,Montenegro,Indo-Chinese subregion,Vietnam,East-American subregion,Canada,Algeria,Morocco,Guatemala,Zimbabwe	Palearctic,Nearctic,Afrotropic,Neotropic,Indomalaya	Africa,Asia,Europe,North America,South America
F201	East-African subregion,Tanzania,Kenya,Turanian province,European province,Georgia,Armenia,Azerbaijan,Russia,West-African subregion,Nigeria,East-Asian subregion,China,Bulgaria,Bosnia and Herzegovina,France,Serbia,Slovenia,Norway,Sweden,Germany,Denmark,Italy,Finland,Albania,Belgium,Luxemburg (province),Austria,Poland,Ukraine,Netherlands,Macedonia (Greece),Greece,Romania,East-Mediterranean province,West-Mediterranean province,Slovakia,Switzerland,Ethiopia,Iranian province,Iraq,Andorra,Spain,Angola,Iran,Malawi,Zaire,Portugal,Central-Asian subregion,Siberian province,Mongolia,Hungary,Great Britain,Czech,Congo,Central African Republic,Uganda,Turkey,West-American subregion,USA,Mexico,Cape subregion,South Africa,Croatia,Israel,Korea,Lebanon,Carribean subregion,Ivory Coast,Turkmenistan,Uzbekistan,Kazakhstan,Kirghizstan,Zambia,Ghana,Sudan,Montenegro,Indo-Chinese subregion,Vietnam,East-American subregion,Canada,Algeria,Morocco,Guatemala,Zimbabwe	Palearctic,Nearctic,Afrotropic,Neotropic,Indomalaya	Africa,Asia,Europe,North America,South America
F401	East-African subregion,Tanzania,Kenya,Turanian province,European province,Georgia,Armenia,Azerbaijan,Russia,West-African subregion,Nigeria,East-Asian subregion,China,Bulgaria,Bosnia and Herzegovina,France,Serbia,Slovenia,Norway,Sweden,Germany,Denmark,Italy,Finland,Albania,Belgium,Luxemburg (province),Austria,Poland,Ukraine,Netherlands,Macedonia (Greece),Greece,Romania,East-Mediterranean province,West-Mediterranean province,Slovakia,Switzerland,Ethiopia,Iranian province,Iraq,Andorra,Spain,Angola,Iran,Malawi,Zaire,Portugal,Central-Asian subregion,Siberian province,Mongolia,Hungary,Great Britain,Czech,Congo,Central African Republic,Uganda,Turkey,West-American subregion,USA,Mexico,Cape subregion,South Africa,Croatia,Israel,Korea,Lebanon,Carribean subregion,Ivory Coast,Turkmenistan,Uzbekistan,Kazakhstan,Kirghizstan,Zambia,Ghana,Sudan,Montenegro,Indo-Chinese subregion,Vietnam,East-American subregion,Canada,Algeria,Morocco,Guatemala,Zimbabwe	Palearctic,Nearctic,Afrotropic,Neotropic,Indomalaya	Africa,Asia,Europe,North America,South America
F268	East-African subregion,Tanzania,Kenya,Turanian province,European province,Georgia,Armenia,Azerbaijan,Russia,West-African subregion,Nigeria,East-Asian subregion,China,Bulgaria,Bosnia and Herzegovina,France,Serbia,Slovenia,Norway,Sweden,Germany,Denmark,Italy,Finland,Albania,Belgium,Luxemburg (province),Austria,Poland,Ukraine,Netherlands,Macedonia (Greece),Greece,Romania,East-Mediterranean province,West-Mediterranean province,Slovakia,Switzerland,Ethiopia,Iranian province,Iraq,Andorra,Spain,Angola,Iran,Malawi,Zaire,Portugal,Central-Asian subregion,Siberian province,Mongolia,Hungary,Great Britain,Czech,Congo,Central African Republic,Uganda,Turkey,West-American subregion,USA,Mexico,Cape subregion,South Africa,Croatia,Israel,Korea,Lebanon,Carribean subregion,Ivory Coast,Turkmenistan,Uzbekistan,Kazakhstan,Kirghizstan,Zambia,Ghana,Sudan,Montenegro,Indo-Chinese subregion,Vietnam,East-American subregion,Canada,Algeria,Morocco,Guatemala,Zimbabwe	Palearctic,Nearctic,Afrotropic,Neotropic,Indomalaya	Africa,Asia,Europe,North America,South America
F405	East-African subregion,Tanzania,Kenya,Turanian province,European province,Georgia,Armenia,Azerbaijan,Russia,West-African subregion,Nigeria,East-Asian subregion,China,Bulgaria,Bosnia and Herzegovina,France,Serbia,Slovenia,Norway,Sweden,Germany,Denmark,Italy,Finland,Albania,Belgium,Luxemburg (province),Austria,Poland,Ukraine,Netherlands,Macedonia (Greece),Greece,Romania,East-Mediterranean province,West-Mediterranean province,Slovakia,Switzerland,Ethiopia,Iranian province,Iraq,Andorra,Spain,Angola,Iran,Malawi,Zaire,Portugal,Central-Asian subregion,Siberian province,Mongolia,Hungary,Great Britain,Czech,Congo,Central African Republic,Uganda,Turkey,West-American subregion,USA,Mexico,Cape subregion,South Africa,Croatia,Israel,Korea,Lebanon,Carribean subregion,Ivory Coast,Turkmenistan,Uzbekistan,Kazakhstan,Kirghizstan,Zambia,Ghana,Sudan,Montenegro,Indo-Chinese subregion,Vietnam,East-American subregion,Canada,Algeria,Morocco,Guatemala,Zimbabwe	Palearctic,Nearctic,Afrotropic,Neotropic,Indomalaya	Africa,Asia,Europe,North America,South America
F229	European province,Georgia,Russia,East-Asian subregion,China,Nepal,Malayan subregion,Malaysia,West-Mediterranean province,Spain,Portugal,West-American subregion,USA,Switzerland,Iranian province,Iran,Italy,Turkey,Indo-Chinese subregion,Myanmar,Slovakia,Czech,Great Britain,Germany,Poland,Austria,Indonesia,Central-Asian subregion,Netherlands,France,Japan,Korea,East-Mediterranean province,Montenegro,Greece,India,Pakistan,Bulgaria,Romania,Hungary,Serbia,DPR,Finland,Norway,Armenia	Palearctic,Nearctic,Afrotropic,Australasia,Indomalaya	Africa,Asia,Europe,North America,Oceania
F127	Patagonian subregion,Argentina,Chile	Neotropic	South America
F338	Patagonian subregion,Argentina,Chile	Neotropic	South America
F275	Patagonian subregion,Andean subregion,Bolivia,Chile,Argentina,Peru,Amazonian subregion,Venezuela,Colombia,Ecuador	Palearctic,Neotropic	South America
F109	Patagonian subregion,Andean subregion,Bolivia,Chile,Argentina,Peru,Amazonian subregion,Venezuela,Colombia,Ecuador	Palearctic,Neotropic	South America
F097	Cape subregion,South Africa,West-African subregion,East-African subregion,Uganda,Kenya,Congo,Madagascar,Zaire,Cameroon,Tanzania,Zimbabwe,Zambia,Malawi,Angola,Ethiopia,Sudan	Palearctic,Afrotropic	Africa
F085	Carribean subregion,Mexico,Turanian province,East-Asian subregion,Siberian province,European province,Kirghizstan,Sweden,Norway,Russia,Japan,West-American subregion,Canadian subregion,USA,Canada,East-American subregion	Palearctic,Nearctic,Neotropic,Indomalaya	Asia,Europe,North America,South America
F089	Carribean subregion,Mexico,Turanian province,East-Asian subregion,Siberian province,European province,Kirghizstan,Sweden,Norway,Russia,Japan,West-American subregion,Canadian subregion,USA,Canada,East-American subregion	Palearctic,Nearctic,Neotropic,Indomalaya	Asia,Europe,North America,South America
F259	East-American subregion,USA,Canada,Central-Asian subregion,East-Asian subregion,China,Nepal,Korea,DPR,Japan,Indo-Chinese subregion,Iranian province,European province,Iran,Turkey,Georgia,Armenia,Azerbaijan,Russia,West-Mediterranean province,Slovenia,Ukraine,Belarus,Denmark,Germany,France,Austria,Bosnia and Herzegovina,Great Britain,Slovakia,Spain,Bulgaria,Poland,Italy,Switzerland,Sweden,Finland,Netherlands,Romania,Czech,Pakistan	Palearctic,Nearctic,Afrotropic,Indomalaya	Africa,Asia,Europe,North America
F402	East-American subregion,USA,Canada,Central-Asian subregion,East-Asian subregion,China,Nepal,Korea,DPR,Japan,Indo-Chinese subregion,Iranian province,European province,Iran,Turkey,Georgia,Armenia,Azerbaijan,Russia,West-Mediterranean province,Slovenia,Ukraine,Belarus,Denmark,Germany,France,Austria,Bosnia and Herzegovina,Great Britain,Slovakia,Spain,Bulgaria,Poland,Italy,Switzerland,Sweden,Finland,Netherlands,Romania,Czech,Pakistan	Palearctic,Nearctic,Afrotropic,Indomalaya	Africa,Asia,Europe,North America
F254	Andean subregion,Brazilian subregion,Amazonian subregion,Colombia,Venezuela,Brazil,Carribean subregion,Paraguay,Argentina,Bolivia,Costa Rica,Ecuador,Peru,Panama,Mexico	Palearctic,Nearctic,Neotropic	South America
F120	Patagonian subregion,Argentina,Chile	Neotropic	South America
F191	West-American subregion,Canadian subregion,USA,Canada,Carribean subregion,Mexico,Central-Asian subregion,China,East-Asian subregion,Korea,Japan,Russia,Siberian province,European province,Turkey,Georgia,Armenia,Azerbaijan,Nepal,East-American subregion,East-Mediterranean province,West-Mediterranean province,Morocco,Italy,Spain,Serbia,Great Britain,France,Luxemburg (province),Germany,Poland,Austria,Czech,Switzerland,Netherlands	Palearctic,Nearctic,Neotropic,Indomalaya	Africa,Asia,Europe,North America,South America
F428	West-American subregion,Canadian subregion,USA,Canada,Carribean subregion,Mexico,Central-Asian subregion,China,East-Asian subregion,Korea,Japan,Russia,Siberian province,European province,Turkey,Georgia,Armenia,Azerbaijan,Nepal,East-American subregion,East-Mediterranean province,West-Mediterranean province,Morocco,Italy,Spain,Serbia,Great Britain,France,Luxemburg (province),Germany,Poland,Austria,Czech,Switzerland,Netherlands	Palearctic,Nearctic,Neotropic,Indomalaya	Africa,Asia,Europe,North America,South America
F115	West-American subregion,Canadian subregion,USA,Canada,Carribean subregion,Mexico,Central-Asian subregion,China,East-Asian subregion,Korea,Japan,Russia,Siberian province,European province,Turkey,Georgia,Armenia,Azerbaijan,Nepal,East-American subregion,East-Mediterranean province,West-Mediterranean province,Morocco,Italy,Spain,Serbia,Great Britain,France,Luxemburg (province),Germany,Poland,Austria,Czech,Switzerland,Netherlands	Palearctic,Nearctic,Neotropic,Indomalaya	Africa,Asia,Europe,North America,South America
Hyf71	West-American subregion,Canadian subregion,USA,Canada,Carribean subregion,Mexico,Central-Asian subregion,China,East-Asian subregion,Korea,Japan,Russia,Siberian province,European province,Turkey,Georgia,Armenia,Azerbaijan,Nepal,East-American subregion,East-Mediterranean province,West-Mediterranean province,Morocco,Italy,Spain,Serbia,Great Britain,France,Luxemburg (province),Germany,Poland,Austria,Czech,Switzerland,Netherlands	Palearctic,Nearctic,Neotropic,Indomalaya	Africa,Asia,Europe,North America,South America
F404	West-American subregion,Canadian subregion,USA,Canada,Carribean subregion,Mexico,Central-Asian subregion,China,East-Asian subregion,Korea,Japan,Russia,Siberian province,European province,Turkey,Georgia,Armenia,Azerbaijan,Nepal,East-American subregion,East-Mediterranean province,West-Mediterranean province,Morocco,Italy,Spain,Serbia,Great Britain,France,Luxemburg (province),Germany,Poland,Austria,Czech,Switzerland,Netherlands	Palearctic,Nearctic,Neotropic,Indomalaya	Africa,Asia,Europe,North America,South America
F312	Central-Asian subregion,East-Asian subregion,Siberian province,Russia,Mongolia,China,Japan,Indo-Chinese subregion,Vietnam,Turanian province,Tajikistan,Kirghizstan,Malayan subregion,Indian subregion,Myanmar,India,Malaysia,Iranian province,Pakistan,Afghanistan,East-American subregion,Canadian subregion,USA,Canada,Kazakhstan,Nepal,Indonesia,European province,Georgia,Iran,Armenia,Turkmenistan,Turkey,Czech,Romania	Palearctic,Nearctic,Afrotropic,Australasia,Indomalaya	Asia,Europe,North America,Oceania
F257	Central-Asian subregion,East-Asian subregion,Siberian province,Russia,Mongolia,China,Japan,Indo-Chinese subregion,Vietnam,Turanian province,Tajikistan,Kirghizstan,Malayan subregion,Indian subregion,Myanmar,India,Malaysia,Iranian province,Pakistan,Afghanistan,East-American subregion,Canadian subregion,USA,Canada,Kazakhstan,Nepal,Indonesia,European province,Georgia,Iran,Armenia,Turkmenistan,Turkey,Czech,Romania	Palearctic,Nearctic,Afrotropic,Australasia,Indomalaya	Asia,Europe,North America,Oceania
F313	Central-Asian subregion,East-Asian subregion,Siberian province,Russia,Mongolia,China,Japan,Indo-Chinese subregion,Vietnam,Turanian province,Tajikistan,Kirghizstan,Malayan subregion,Indian subregion,Myanmar,India,Malaysia,Iranian province,Pakistan,Afghanistan,East-American subregion,Canadian subregion,USA,Canada,Kazakhstan,Nepal,Indonesia,European province,Georgia,Iran,Armenia,Turkmenistan,Turkey,Czech,Romania	Palearctic,Nearctic,Afrotropic,Australasia,Indomalaya	Asia,Europe,North America,Oceania
F314	Central-Asian subregion,East-Asian subregion,Siberian province,Russia,Mongolia,China,Japan,Indo-Chinese subregion,Vietnam,Turanian province,Tajikistan,Kirghizstan,Malayan subregion,Indian subregion,Myanmar,India,Malaysia,Iranian province,Pakistan,Afghanistan,East-American subregion,Canadian subregion,USA,Canada,Kazakhstan,Nepal,Indonesia,European province,Georgia,Iran,Armenia,Turkmenistan,Turkey,Czech,Romania	Palearctic,Nearctic,Afrotropic,Australasia,Indomalaya	Asia,Europe,North America,Oceania
F102	Central-Asian subregion,East-Asian subregion,Siberian province,Russia,Mongolia,China,Japan,Indo-Chinese subregion,Vietnam,Turanian province,Tajikistan,Kirghizstan,Malayan subregion,Indian subregion,Myanmar,India,Malaysia,Iranian province,Pakistan,Afghanistan,East-American subregion,Canadian subregion,USA,Canada,Kazakhstan,Nepal,Indonesia,European province,Georgia,Iran,Armenia,Turkmenistan,Turkey,Czech,Romania	Palearctic,Nearctic,Afrotropic,Australasia,Indomalaya	Asia,Europe,North America,Oceania
F144	West-American subregion,USA,East-American subregion,Canadian subregion,Canada,East-Asian subregion,Siberian province,European province,Russia,Central-Asian subregion,Mongolia,Korea,Japan	Palearctic,Nearctic,Indomalaya	Asia,Europe,North America
F069	West-American subregion,USA,East-American subregion,Canadian subregion,Canada,East-Asian subregion,Siberian province,European province,Russia,Central-Asian subregion,Mongolia,Korea,Japan	Palearctic,Nearctic,Indomalaya	Asia,Europe,North America
Ctf125	West-American subregion,USA,East-American subregion,Canadian subregion,Canada,East-Asian subregion,Siberian province,European province,Russia,Central-Asian subregion,Mongolia,Korea,Japan	Palearctic,Nearctic,Indomalaya	Asia,Europe,North America
F020	East-American subregion,USA,West-American subregion,Mexico,Canada	Nearctic,Neotropic	North America,South America
F015	East-American subregion,West-American subregion,USA,Mexico	Nearctic,Neotropic	North America,South America
Ctf33	East-American subregion,West-American subregion,USA,Mexico	Nearctic,Neotropic	North America,South America
F124	West-American subregion,USA,Canada	Nearctic	North America
F241	East-Asian subregion,China,Central-Asian subregion,West-American subregion,Canadian subregion,USA,Canada,East-American subregion,Russia	Palearctic,Nearctic,Indomalaya	Asia,Europe,North America
F331	East-Asian subregion,China,Central-Asian subregion,West-American subregion,Canadian subregion,USA,Canada,East-American subregion,Russia	Palearctic,Nearctic,Indomalaya	Asia,Europe,North America
F126	East-Asian subregion,China,Central-Asian subregion,West-American subregion,Canadian subregion,USA,Canada,East-American subregion,Russia	Palearctic,Nearctic,Indomalaya	Asia,Europe,North America
F316	Central-Asian subregion,China,European province,Russia,East-Asian subregion,Japan,Siberian province,Mongolia,Iranian province,Pakistan,Turanian province,Kirghizstan,Kazakhstan,Canadian subregion,Canada,West-Mediterranean province,Spain,East-Mediterranean province,Bulgaria,Georgia,Armenia,Azerbaijan,Korea,Nepal,Serbia,Macedonia (Greece),East-American subregion,USA,Israel,West-American subregion,Lebanon,Italy,Romania,Sweden,Norway,Poland,Germany,Austria,Slovakia,Switzerland,France,Great Britain,Afghanistan,Egypt,Libya,Tunesia,Algeria,Mexico,Tajikistan,Greece,Uzbekistan,Turkmenistan,Syria,Iran,Ukraine	Palearctic,Nearctic,Afrotropic,Neotropic,Indomalaya	Africa,Asia,Europe,North America,South America
F013	Central-Asian subregion,China,European province,Russia,East-Asian subregion,Japan,Siberian province,Mongolia,Iranian province,Pakistan,Turanian province,Kirghizstan,Kazakhstan,Canadian subregion,Canada,West-Mediterranean province,Spain,East-Mediterranean province,Bulgaria,Georgia,Armenia,Azerbaijan,Korea,Nepal,Serbia,Macedonia (Greece),East-American subregion,USA,Israel,West-American subregion,Lebanon,Italy,Romania,Sweden,Norway,Poland,Germany,Austria,Slovakia,Switzerland,France,Great Britain,Afghanistan,Egypt,Libya,Tunesia,Algeria,Mexico,Tajikistan,Greece,Uzbekistan,Turkmenistan,Syria,Iran,Ukraine	Palearctic,Nearctic,Afrotropic,Neotropic,Indomalaya	Africa,Asia,Europe,North America,South America
F059	Central-Asian subregion,China,European province,Russia,East-Asian subregion,Japan,Siberian province,Mongolia,Iranian province,Pakistan,Turanian province,Kirghizstan,Kazakhstan,Canadian subregion,Canada,West-Mediterranean province,Spain,East-Mediterranean province,Bulgaria,Georgia,Armenia,Azerbaijan,Korea,Nepal,Serbia,Macedonia (Greece),East-American subregion,USA,Israel,West-American subregion,Lebanon,Italy,Romania,Sweden,Norway,Poland,Germany,Austria,Slovakia,Switzerland,France,Great Britain,Afghanistan,Egypt,Libya,Tunesia,Algeria,Mexico,Tajikistan,Greece,Uzbekistan,Turkmenistan,Syria,Iran,Ukraine	Palearctic,Nearctic,Afrotropic,Neotropic,Indomalaya	Africa,Asia,Europe,North America,South America
F230	Central-Asian subregion,China,European province,Russia,East-Asian subregion,Japan,Siberian province,Mongolia,Iranian province,Pakistan,Turanian province,Kirghizstan,Kazakhstan,Canadian subregion,Canada,West-Mediterranean province,Spain,East-Mediterranean province,Bulgaria,Georgia,Armenia,Azerbaijan,Korea,Nepal,Serbia,Macedonia (Greece),East-American subregion,USA,Israel,West-American subregion,Lebanon,Italy,Romania,Sweden,Norway,Poland,Germany,Austria,Slovakia,Switzerland,France,Great Britain,Afghanistan,Egypt,Libya,Tunesia,Algeria,Mexico,Tajikistan,Greece,Uzbekistan,Turkmenistan,Syria,Iran,Ukraine	Palearctic,Nearctic,Afrotropic,Neotropic,Indomalaya	Africa,Asia,Europe,North America,South America
F039	Central-Asian subregion,China,European province,Russia,East-Asian subregion,Japan,Siberian province,Mongolia,Iranian province,Pakistan,Turanian province,Kirghizstan,Kazakhstan,Canadian subregion,Canada,West-Mediterranean province,Spain,East-Mediterranean province,Bulgaria,Georgia,Armenia,Azerbaijan,Korea,Nepal,Serbia,Macedonia (Greece),East-American subregion,USA,Israel,West-American subregion,Lebanon,Italy,Romania,Sweden,Norway,Poland,Germany,Austria,Slovakia,Switzerland,France,Great Britain,Afghanistan,Egypt,Libya,Tunesia,Algeria,Mexico,Tajikistan,Greece,Uzbekistan,Turkmenistan,Syria,Iran,Ukraine	Palearctic,Nearctic,Afrotropic,Neotropic,Indomalaya	Africa,Asia,Europe,North America,South America
F231	East-Asian subregion,China,Central-Asian subregion,Japan,Nepal	Palearctic,Indomalaya	Asia
F297	Carribean subregion,Guatemala,Panama	Neotropic	South America
F107	West-American subregion,Canadian subregion,USA,Canada,East-Asian subregion,China,Turanian province,Uzbekistan,Kazakhstan,Central-Asian subregion,Siberian province,Russia,Nepal,European province,Armenia,Georgia,Azerbaijan,Kirghizstan,Ukraine,Korea,Mexico,Mongolia,Japan,Sahara-Arabian subregion,East-Mediterranean province,West-Mediterranean province,Iraq,Tunesia,Libya,Morocco,Algeria,Italy,Lebanon,Egypt,Israel,Turkey,Greece,Romania,Turkmenistan,Tajikistan	Palearctic,Nearctic,Neotropic,Indomalaya	Africa,Asia,Europe,North America,South America
F050	West-American subregion,Canadian subregion,USA,Canada,East-Asian subregion,China,Turanian province,Uzbekistan,Kazakhstan,Central-Asian subregion,Siberian province,Russia,Nepal,European province,Armenia,Georgia,Azerbaijan,Kirghizstan,Ukraine,Korea,Mexico,Mongolia,Japan,Sahara-Arabian subregion,East-Mediterranean province,West-Mediterranean province,Iraq,Tunesia,Libya,Morocco,Algeria,Italy,Lebanon,Egypt,Israel,Turkey,Greece,Romania,Turkmenistan,Tajikistan	Palearctic,Nearctic,Neotropic,Indomalaya	Africa,Asia,Europe,North America,South America
Ctf93	West-American subregion,Canadian subregion,USA,Canada,East-Asian subregion,China,Turanian province,Uzbekistan,Kazakhstan,Central-Asian subregion,Siberian province,Russia,Nepal,European province,Armenia,Georgia,Azerbaijan,Kirghizstan,Ukraine,Korea,Mexico,Mongolia,Japan,Sahara-Arabian subregion,East-Mediterranean province,West-Mediterranean province,Iraq,Tunesia,Libya,Morocco,Algeria,Italy,Lebanon,Egypt,Israel,Turkey,Greece,Romania,Turkmenistan,Tajikistan	Palearctic,Nearctic,Neotropic,Indomalaya	Africa,Asia,Europe,North America,South America
FXG825	West-American subregion,Canadian subregion,USA,Canada,East-Asian subregion,China,Turanian province,Uzbekistan,Kazakhstan,Central-Asian subregion,Siberian province,Russia,Nepal,European province,Armenia,Georgia,Azerbaijan,Kirghizstan,Ukraine,Korea,Mexico,Mongolia,Japan,Sahara-Arabian subregion,East-Mediterranean province,West-Mediterranean province,Iraq,Tunesia,Libya,Morocco,Algeria,Italy,Lebanon,Egypt,Israel,Turkey,Greece,Romania,Turkmenistan,Tajikistan	Palearctic,Nearctic,Neotropic,Indomalaya	Africa,Asia,Europe,North America,South America
F185	East-African subregion,Ethiopia,Cape subregion,South Africa,Lesotho,Namibia	Afrotropic	Africa
F118	East-Australian subregion,Australia,Australian region	Australasia	Oceania
F142	Patagonian subregion,Argentina,Chile	Neotropic	South America
F164	Andean subregion,Colombia,Ecuador,Peru,Chile,Patagonian subregion	Neotropic	South America
F335	Argentina (except North-West part),Chile (except Atacama; Antofagasta and Tarapaki),Paraguay,Brazil (South part except of the South of Rio-Grane de Sul),Argentina (North-West part),Peru (except eastern part Loreta; Ucayali),Chile,Andean subregion,Brazilian subregion,Patagonian subregion,Argentina	Neotropic	South America
F336	Argentina (except North-West part),Chile (except Atacama; Antofagasta and Tarapaki),Paraguay,Brazil (South part except of the South of Rio-Grane de Sul),Argentina (North-West part),Peru (except eastern part Loreta; Ucayali),Chile,Andean subregion,Brazilian subregion,Patagonian subregion,Argentina	Neotropic	South America
F006	Argentina (except North-West part),Chile (except Atacama; Antofagasta and Tarapaki),Paraguay,Brazil (South part except of the South of Rio-Grane de Sul),Argentina (North-West part),Peru (except eastern part Loreta; Ucayali),Chile,Andean subregion,Brazilian subregion,Patagonian subregion,Argentina	Neotropic	South America
F170	Argentina (except North-West part),Chile (except Atacama; Antofagasta and Tarapaki),Paraguay,Brazil (South part except of the South of Rio-Grane de Sul),Argentina (North-West part),Peru (except eastern part Loreta; Ucayali),Chile,Andean subregion,Brazilian subregion,Patagonian subregion,Argentina	Neotropic	South America
F163	Andean subregion,Ecuador,Patagonian subregion,Argentina,Chile,Peru,Bolivia,Colombia,Carribean subregion,Panama,Venezuela	Palearctic,Neotropic	South America
F264	Andean subregion,Ecuador,Patagonian subregion,Argentina,Chile,Peru,Bolivia,Colombia,Carribean subregion,Panama,Venezuela	Palearctic,Neotropic	South America
F121	Patagonian subregion,Argentina,Chile,Andean subregion,Colombia,Ecuador,Peru,Venezuela	Neotropic	South America
F332	Patagonian subregion,Argentina,Andean subregion,Peru	Neotropic	South America
F161	Patagonian subregion,Argentina,Andean subregion,Peru	Neotropic	South America
F119	East-Australian subregion,Australia,West-Australian subregion	Australasia	Oceania
F116	East-Australian subregion,Australia,West-Australian subregion	Australasia	Oceania
F245	East-Australian subregion,Australia,West-Australian subregion	Australasia	Oceania
F285	Cape subregion,West-African subregion,Congo,South Africa	Palearctic,Afrotropic	Africa
F295	East-Asian subregion,Korea,China,Russia,Sahara-Arabian subregion,East-Mediterranean province,Lebanon,Egypt,Israel,Indian subregion,India,European province,Armenia,Azerbaijan,Siberian province,Japan,Italy,Bulgaria,Hungary,Germany,Austria,Netherlands,Denmark,Great Britain,Cape subregion,West-African subregion,East-African subregion,South Africa,Iranian province,Turkey,Belgium,Switzerland,Romania,Czech,West-Mediterranean province,Morocco,Spain,Sri Lanka,Poland,France,Central-Asian subregion,Indo-Chinese subregion,East-West-Mediterranean province,Turanian province,Greece,Afghanistan,Kazakhstan,Uzbekistan,Tajikistan,Kirghizstan,Norway,Georgia,Croatia	Palearctic,Afrotropic,Indomalaya	Africa,Asia,Europe
F325	East-Asian subregion,Korea,China,Russia,Sahara-Arabian subregion,East-Mediterranean province,Lebanon,Egypt,Israel,Indian subregion,India,European province,Armenia,Azerbaijan,Siberian province,Japan,Italy,Bulgaria,Hungary,Germany,Austria,Netherlands,Denmark,Great Britain,Cape subregion,West-African subregion,East-African subregion,South Africa,Iranian province,Turkey,Belgium,Switzerland,Romania,Czech,West-Mediterranean province,Morocco,Spain,Sri Lanka,Poland,France,Central-Asian subregion,Indo-Chinese subregion,East-West-Mediterranean province,Turanian province,Greece,Afghanistan,Kazakhstan,Uzbekistan,Tajikistan,Kirghizstan,Norway,Georgia,Croatia	Palearctic,Afrotropic,Indomalaya	Africa,Asia,Europe
F289	West-African subregion,Ghana,Congo,Cape subregion,East-African subregion,Uganda,Zimbabwe,Mozambique,Kenya,Ethiopia,Angola,Togo,Ruanda,Malawi,Burundi,Tanzania,Zambia,Equatorial Guinea,Gabon,Madagascar,Malayan subregion,Malaysia,West-Australian subregion,East-Australian subregion,Australia,Indonesia,Philippines,West-American subregion,USA,Indo-Chinese subregion,Thailand,Myanmar,Vietnam,Cameroon,Sierra Leone,Indian subregion,India,Cambodia,Ivory Coast,Central African Republic	Palearctic,Nearctic,Afrotropic,Australasia,Indomalaya	Africa,Asia,North America,Oceania
F288	West-African subregion,Ghana,Congo,Cape subregion,East-African subregion,Uganda,Zimbabwe,Mozambique,Kenya,Ethiopia,Angola,Togo,Ruanda,Malawi,Burundi,Tanzania,Zambia,Equatorial Guinea,Gabon,Madagascar,Malayan subregion,Malaysia,West-Australian subregion,East-Australian subregion,Australia,Indonesia,Philippines,West-American subregion,USA,Indo-Chinese subregion,Thailand,Myanmar,Vietnam,Cameroon,Sierra Leone,Indian subregion,India,Cambodia,Ivory Coast,Central African Republic	Palearctic,Nearctic,Afrotropic,Australasia,Indomalaya	Africa,Asia,North America,Oceania
Isf61	West-American subregion,USA,Mexico,Canada,East-American subregion,Patagonian subregion,Chile,Argentina,Andean subregion,Peru,Central-Asian subregion,East-Asian subregion,Siberian province,European province,China,Amazonian subregion,Colombia,Brazilian subregion,Venezuela,Paraguay,Brazil	Palearctic,Nearctic,Neotropic,Indomalaya	Asia,Europe,North America,South America
F057	West-American subregion,USA,Mexico,Canada,East-American subregion,Patagonian subregion,Chile,Argentina,Andean subregion,Peru,Central-Asian subregion,East-Asian subregion,Siberian province,European province,China,Amazonian subregion,Colombia,Brazilian subregion,Venezuela,Paraguay,Brazil	Palearctic,Nearctic,Neotropic,Indomalaya	Asia,Europe,North America,South America
F074	West-American subregion,USA,Mexico,Canada,East-American subregion,Patagonian subregion,Chile,Argentina,Andean subregion,Peru,Central-Asian subregion,East-Asian subregion,Siberian province,European province,China,Amazonian subregion,Colombia,Brazilian subregion,Venezuela,Paraguay,Brazil	Palearctic,Nearctic,Neotropic,Indomalaya	Asia,Europe,North America,South America
F253	West-American subregion,USA,Mexico,Canada,East-American subregion,Patagonian subregion,Chile,Argentina,Andean subregion,Peru,Central-Asian subregion,East-Asian subregion,Siberian province,European province,China,Amazonian subregion,Colombia,Brazilian subregion,Venezuela,Paraguay,Brazil	Palearctic,Nearctic,Neotropic,Indomalaya	Asia,Europe,North America,South America
F233	West-Mediterranean province,European province,Switzerland,France,Italy,Bulgaria,Turanian province,Uzbekistan,East-American subregion,USA,Central-Asian subregion,East-Asian subregion,China,Kirghizstan,Czech,Romania,Germany,Great Britain,Denmark,Japan,Indo-Chinese subregion,Thailand,Myanmar,West-American subregion,Cyprus,East-Mediterranean province,Turkey,Russia,Iranian province,Hungary,Belgium,Netherlands,Poland,Korea	Palearctic,Nearctic,Afrotropic,Indomalaya	Africa,Asia,Europe,North America
F293	West-Mediterranean province,European province,Switzerland,France,Italy,Bulgaria,Turanian province,Uzbekistan,East-American subregion,USA,Central-Asian subregion,East-Asian subregion,China,Kirghizstan,Czech,Romania,Germany,Great Britain,Denmark,Japan,Indo-Chinese subregion,Thailand,Myanmar,West-American subregion,Cyprus,East-Mediterranean province,Turkey,Russia,Iranian province,Hungary,Belgium,Netherlands,Poland,Korea	Palearctic,Nearctic,Afrotropic,Indomalaya	Africa,Asia,Europe,North America
F232	West-Mediterranean province,European province,Switzerland,France,Italy,Bulgaria,Turanian province,Uzbekistan,East-American subregion,USA,Central-Asian subregion,East-Asian subregion,China,Kirghizstan,Czech,Romania,Germany,Great Britain,Denmark,Japan,Indo-Chinese subregion,Thailand,Myanmar,West-American subregion,Cyprus,East-Mediterranean province,Turkey,Russia,Iranian province,Hungary,Belgium,Netherlands,Poland,Korea	Palearctic,Nearctic,Afrotropic,Indomalaya	Africa,Asia,Europe,North America
F258	Andean subregion,Brazilian subregion,Amazonian subregion,Carribean subregion,West-American subregion,Mexico,USA,Panama,Colombia,Venezuela,Peru,Paraguay,Brazil	Nearctic,Neotropic	North America,South America
F068	Andean subregion,Brazilian subregion,Amazonian subregion,Carribean subregion,West-American subregion,Mexico,USA,Panama,Colombia,Venezuela,Peru,Paraguay,Brazil	Nearctic,Neotropic	North America,South America
P4496F	East-Asian subregion,Malayan subregion,Indo-Chinese subregion,Indian subregion,Cape subregion,West-East-African subregion,Sri Lanka,Myanmar,India,Nepal,South Africa,Kenya,Zaire,Thailand,Indonesia,Philippines,West-African subregion,East-African subregion,Congo,Papuan subregion,Papua New Guinea	Palearctic,Afrotropic,Australasia,Indomalaya	Africa,Asia,Oceania
JAE3026F	East-Asian subregion,Malayan subregion,Indo-Chinese subregion,Indian subregion,Cape subregion,West-East-African subregion,Sri Lanka,Myanmar,India,Nepal,South Africa,Kenya,Zaire,Thailand,Indonesia,Philippines,West-African subregion,East-African subregion,Congo,Papuan subregion,Papua New Guinea	Palearctic,Afrotropic,Australasia,Indomalaya	Africa,Asia,Oceania
F113	West-American subregion,USA,Canada	Nearctic	North America
F077	Iranian province,Turanian province,Central-Asian subregion,Afghanistan,Tajikistan,China,Turkmenistan,Kirghizstan,Kazakhstan,East-Asian subregion,Siberian province,Russia,Mongolia,European province,Georgia,Nepal,Armenia,Azerbaijan,Canadian subregion,USA,Korea,DPR,India,West-Mediterranean province,Lebanon,Iran,Czech,Turkey,Italy,France,Switzerland,Slovakia,Sweden,Norway,Canada,West-American subregion	Palearctic,Nearctic,Afrotropic,Indomalaya	Africa,Asia,Europe,North America
F301	Iranian province,Turanian province,Central-Asian subregion,Afghanistan,Tajikistan,China,Turkmenistan,Kirghizstan,Kazakhstan,East-Asian subregion,Siberian province,Russia,Mongolia,European province,Georgia,Nepal,Armenia,Azerbaijan,Canadian subregion,USA,Korea,DPR,India,West-Mediterranean province,Lebanon,Iran,Czech,Turkey,Italy,France,Switzerland,Slovakia,Sweden,Norway,Canada,West-American subregion	Palearctic,Nearctic,Afrotropic,Indomalaya	Africa,Asia,Europe,North America
F303	Iranian province,Turanian province,Central-Asian subregion,Afghanistan,Tajikistan,China,Turkmenistan,Kirghizstan,Kazakhstan,East-Asian subregion,Siberian province,Russia,Mongolia,European province,Georgia,Nepal,Armenia,Azerbaijan,Canadian subregion,USA,Korea,DPR,India,West-Mediterranean province,Lebanon,Iran,Czech,Turkey,Italy,France,Switzerland,Slovakia,Sweden,Norway,Canada,West-American subregion	Palearctic,Nearctic,Afrotropic,Indomalaya	Africa,Asia,Europe,North America
F304	Iranian province,Turanian province,Central-Asian subregion,Afghanistan,Tajikistan,China,Turkmenistan,Kirghizstan,Kazakhstan,East-Asian subregion,Siberian province,Russia,Mongolia,European province,Georgia,Nepal,Armenia,Azerbaijan,Canadian subregion,USA,Korea,DPR,India,West-Mediterranean province,Lebanon,Iran,Czech,Turkey,Italy,France,Switzerland,Slovakia,Sweden,Norway,Canada,West-American subregion	Palearctic,Nearctic,Afrotropic,Indomalaya	Africa,Asia,Europe,North America
F327	West-African subregion,East-African subregion,Zimbabwe,Tanzania,Kenya,Uganda,Zaire,West-Mediterranean province,Israel,Azerbaijan,Georgia,Armenia,Malta,Spain,Bosnia and Herzegovina,Morocco,Algeria,Canary Islands,European province,Russia,Turanian province,Central-Asian subregion,Iran,Kazakhstan,Turkmenistan,East-Mediterranean province,Greece,Macedonia (Greece),Earth,Siberian province,Tajikistan,Kirghizstan,China,Lebanon,Andorra,Italy,France,Bulgaria,Turkey	Palearctic,Nearctic,Afrotropic,Neotropic,Australasia,Indomalaya	Africa,Asia,Europe,North America,Oceania,South America
F226	West-African subregion,East-African subregion,Zimbabwe,Tanzania,Kenya,Uganda,Zaire,West-Mediterranean province,Israel,Azerbaijan,Georgia,Armenia,Malta,Spain,Bosnia and Herzegovina,Morocco,Algeria,Canary Islands,European province,Russia,Turanian province,Central-Asian subregion,Iran,Kazakhstan,Turkmenistan,East-Mediterranean province,Greece,Macedonia (Greece),Earth,Siberian province,Tajikistan,Kirghizstan,China,Lebanon,Andorra,Italy,France,Bulgaria,Turkey	Palearctic,Nearctic,Afrotropic,Neotropic,Australasia,Indomalaya	Africa,Asia,Europe,North America,Oceania,South America
F414	West-African subregion,East-African subregion,Zimbabwe,Tanzania,Kenya,Uganda,Zaire,West-Mediterranean province,Israel,Azerbaijan,Georgia,Armenia,Malta,Spain,Bosnia and Herzegovina,Morocco,Algeria,Canary Islands,European province,Russia,Turanian province,Central-Asian subregion,Iran,Kazakhstan,Turkmenistan,East-Mediterranean province,Greece,Macedonia (Greece),Earth,Siberian province,Tajikistan,Kirghizstan,China,Lebanon,Andorra,Italy,France,Bulgaria,Turkey	Palearctic,Nearctic,Afrotropic,Neotropic,Australasia,Indomalaya	Africa,Asia,Europe,North America,Oceania,South America
F322	Central-Asian subregion,Kirghizstan,Turanian province,China,Kazakhstan,Pakistan,Afghanistan,Turkmenistan,Siberian province,European province,Mongolia,Russia	Palearctic,Indomalaya	Asia,Europe
F224	Central-Asian subregion,Kirghizstan,Turanian province,China,Kazakhstan,Pakistan,Afghanistan,Turkmenistan,Siberian province,European province,Mongolia,Russia	Palearctic,Indomalaya	Asia,Europe
F225	Central-Asian subregion,Kirghizstan,Turanian province,China,Kazakhstan,Pakistan,Afghanistan,Turkmenistan,Siberian province,European province,Mongolia,Russia	Palearctic,Indomalaya	Asia,Europe
F228	Central-Asian subregion,Kirghizstan,Turanian province,China,Kazakhstan,Pakistan,Afghanistan,Turkmenistan,Siberian province,European province,Mongolia,Russia	Palearctic,Indomalaya	Asia,Europe
F291	Madagascar,Mauritius	Afrotropic	Africa
F290	Madagascar,Mauritius	Afrotropic	Africa
F292	Madagascar,Mauritius	Afrotropic	Africa
F227	Siberian province,European province,Norway,Finland,France,Turkey,Russia,East-American subregion,Canadian subregion,Canada,USA,West-American subregion,Slovakia,Austria,Hungary,Switzerland,Italy,East-Asian subregion,Korea,China,Japan,India,Central-Asian subregion,Bulgaria,Poland,Netherlands,Sweden,West-Mediterranean province,Great Britain,Spain,Iranian province,Turanian province,Turkmenistan,Iran	Palearctic,Nearctic,Afrotropic,Indomalaya	Africa,Asia,Europe,North America
F038	Siberian province,European province,Norway,Finland,France,Turkey,Russia,East-American subregion,Canadian subregion,Canada,USA,West-American subregion,Slovakia,Austria,Hungary,Switzerland,Italy,East-Asian subregion,Korea,China,Japan,India,Central-Asian subregion,Bulgaria,Poland,Netherlands,Sweden,West-Mediterranean province,Great Britain,Spain,Iranian province,Turanian province,Turkmenistan,Iran	Palearctic,Nearctic,Afrotropic,Indomalaya	Africa,Asia,Europe,North America
F091	Siberian province,European province,Norway,Finland,France,Turkey,Russia,East-American subregion,Canadian subregion,Canada,USA,West-American subregion,Slovakia,Austria,Hungary,Switzerland,Italy,East-Asian subregion,Korea,China,Japan,India,Central-Asian subregion,Bulgaria,Poland,Netherlands,Sweden,West-Mediterranean province,Great Britain,Spain,Iranian province,Turanian province,Turkmenistan,Iran	Palearctic,Nearctic,Afrotropic,Indomalaya	Africa,Asia,Europe,North America
F149	Siberian province,European province,Norway,Finland,France,Turkey,Russia,East-American subregion,Canadian subregion,Canada,USA,West-American subregion,Slovakia,Austria,Hungary,Switzerland,Italy,East-Asian subregion,Korea,China,Japan,India,Central-Asian subregion,Bulgaria,Poland,Netherlands,Sweden,West-Mediterranean province,Great Britain,Spain,Iranian province,Turanian province,Turkmenistan,Iran	Palearctic,Nearctic,Afrotropic,Indomalaya	Africa,Asia,Europe,North America
F413	Siberian province,European province,Norway,Finland,France,Turkey,Russia,East-American subregion,Canadian subregion,Canada,USA,West-American subregion,Slovakia,Austria,Hungary,Switzerland,Italy,East-Asian subregion,Korea,China,Japan,India,Central-Asian subregion,Bulgaria,Poland,Netherlands,Sweden,West-Mediterranean province,Great Britain,Spain,Iranian province,Turanian province,Turkmenistan,Iran	Palearctic,Nearctic,Afrotropic,Indomalaya	Africa,Asia,Europe,North America
F431	Siberian province,European province,Norway,Finland,France,Turkey,Russia,East-American subregion,Canadian subregion,Canada,USA,West-American subregion,Slovakia,Austria,Hungary,Switzerland,Italy,East-Asian subregion,Korea,China,Japan,India,Central-Asian subregion,Bulgaria,Poland,Netherlands,Sweden,West-Mediterranean province,Great Britain,Spain,Iranian province,Turanian province,Turkmenistan,Iran	Palearctic,Nearctic,Afrotropic,Indomalaya	Africa,Asia,Europe,North America
F174	Malayan subregion,Malaysia,Indonesia,Papuan subregion,Papua New Guinea,Philippines	Australasia,Indomalaya	Asia,Oceania
F311	Central-Asian subregion,China,Iranian province,Turkey,Azerbaijan,Turanian province,Afghanistan,Mongolia,Tajikistan,Kazakhstan,Kirghizstan,European province,Russia,Sahara-Arabian subregion,Egypt,Turkmenistan	Palearctic,Afrotropic,Indomalaya	Africa,Asia,Europe
F252	Central-Asian subregion,China,Iranian province,Turkey,Azerbaijan,Turanian province,Afghanistan,Mongolia,Tajikistan,Kazakhstan,Kirghizstan,European province,Russia,Sahara-Arabian subregion,Egypt,Turkmenistan	Palearctic,Afrotropic,Indomalaya	Africa,Asia,Europe
F114	West-American subregion,Central-Asian subregion,Siberian province,China,USA,Russia,European province,Slovakia,Romania	Palearctic,Nearctic,Indomalaya	Asia,Europe,North America
F306	Turanian province,Kazakhstan,Central-Asian subregion,Siberian province,European province,Mongolia,Russia,Iranian province,Turkmenistan,Afghanistan	Palearctic,Afrotropic	Asia,Europe
F305	Central-Asian subregion,China,Turanian province,Afghanistan,Kazakhstan,Kirghizstan,Tajikistan,East-Asian subregion,Siberian province,Russia,European province,Korea,Mongolia,Azerbaijan,Armenia,Georgia,Switzerland,Turkmenistan,Uzbekistan,Great Britain,Finland,Sweden,West-American subregion,USA,Iranian province,Japan,Ukraine,Nepal	Palearctic,Nearctic,Afrotropic,Indomalaya	Asia,Europe,North America
F309	Central-Asian subregion,China,Turanian province,Afghanistan,Kazakhstan,Kirghizstan,Tajikistan,East-Asian subregion,Siberian province,Russia,European province,Korea,Mongolia,Azerbaijan,Armenia,Georgia,Switzerland,Turkmenistan,Uzbekistan,Great Britain,Finland,Sweden,West-American subregion,USA,Iranian province,Japan,Ukraine,Nepal	Palearctic,Nearctic,Afrotropic,Indomalaya	Asia,Europe,North America
F101	Central-Asian subregion,China,Turanian province,Afghanistan,Kazakhstan,Kirghizstan,Tajikistan,East-Asian subregion,Siberian province,Russia,European province,Korea,Mongolia,Azerbaijan,Armenia,Georgia,Switzerland,Turkmenistan,Uzbekistan,Great Britain,Finland,Sweden,West-American subregion,USA,Iranian province,Japan,Ukraine,Nepal	Palearctic,Nearctic,Afrotropic,Indomalaya	Asia,Europe,North America
F128	Central-Asian subregion,China,West-American subregion,USA,East-Asian subregion,Nepal	Palearctic,Nearctic,Indomalaya	Asia,North America
F328	Iranian province,Pakistan,Central-Asian subregion,Mongolia,East-Asian subregion,China,Turanian province,Turkmenistan,Kazakhstan,Siberian province,Russia,European province,East-Mediterranean province,Sahara-Arabian subregion,Ukraine,Kirghizstan,Turkey,Jordan,Syria,Israel,Saudi Arabia,Iran	Palearctic,Afrotropic,Indomalaya	Africa,Asia,Europe
F310	Iranian province,Pakistan,Central-Asian subregion,Mongolia,East-Asian subregion,China,Turanian province,Turkmenistan,Kazakhstan,Siberian province,Russia,European province,East-Mediterranean province,Sahara-Arabian subregion,Ukraine,Kirghizstan,Turkey,Jordan,Syria,Israel,Saudi Arabia,Iran	Palearctic,Afrotropic,Indomalaya	Africa,Asia,Europe
F315	Iranian province,Pakistan,Central-Asian subregion,Mongolia,East-Asian subregion,China,Turanian province,Turkmenistan,Kazakhstan,Siberian province,Russia,European province,East-Mediterranean province,Sahara-Arabian subregion,Ukraine,Kirghizstan,Turkey,Jordan,Syria,Israel,Saudi Arabia,Iran	Palearctic,Afrotropic,Indomalaya	Africa,Asia,Europe
F146	Iranian province,Pakistan,Central-Asian subregion,Mongolia,East-Asian subregion,China,Turanian province,Turkmenistan,Kazakhstan,Siberian province,Russia,European province,East-Mediterranean province,Sahara-Arabian subregion,Ukraine,Kirghizstan,Turkey,Jordan,Syria,Israel,Saudi Arabia,Iran	Palearctic,Afrotropic,Indomalaya	Africa,Asia,Europe
Lef52	Iranian province,Pakistan,Central-Asian subregion,Mongolia,East-Asian subregion,China,Turanian province,Turkmenistan,Kazakhstan,Siberian province,Russia,European province,East-Mediterranean province,Sahara-Arabian subregion,Ukraine,Kirghizstan,Turkey,Jordan,Syria,Israel,Saudi Arabia,Iran	Palearctic,Afrotropic,Indomalaya	Africa,Asia,Europe
F145	Iranian province,Pakistan,Central-Asian subregion,Mongolia,East-Asian subregion,China,Turanian province,Turkmenistan,Kazakhstan,Siberian province,Russia,European province,East-Mediterranean province,Sahara-Arabian subregion,Ukraine,Kirghizstan,Turkey,Jordan,Syria,Israel,Saudi Arabia,Iran	Palearctic,Afrotropic,Indomalaya	Africa,Asia,Europe
F302	Iranian province,Pakistan,Central-Asian subregion,Mongolia,East-Asian subregion,China,Turanian province,Turkmenistan,Kazakhstan,Siberian province,Russia,European province,East-Mediterranean province,Sahara-Arabian subregion,Ukraine,Kirghizstan,Turkey,Jordan,Syria,Israel,Saudi Arabia,Iran	Palearctic,Afrotropic,Indomalaya	Africa,Asia,Europe
F032	Canadian subregion,Canada,East-American subregion,West-American subregion	Nearctic	North America
F329	Turanian province,East-Asian subregion,Korea,DPR,Japan,Russia,European province,Bulgaria,Romania,Poland,Switzerland,Canadian subregion,Central-Asian subregion,Siberian province,China,Canada,USA,West-American subregion,Norway,Sweden,Czech,France,Kirghizstan,Turkey	Palearctic,Nearctic,Indomalaya	Asia,Europe,North America
F076	Turanian province,East-Asian subregion,Korea,DPR,Japan,Russia,European province,Bulgaria,Romania,Poland,Switzerland,Canadian subregion,Central-Asian subregion,Siberian province,China,Canada,USA,West-American subregion,Norway,Sweden,Czech,France,Kirghizstan,Turkey	Palearctic,Nearctic,Indomalaya	Asia,Europe,North America
F240	West-American subregion,Canadian subregion,USA,Canada	Nearctic	North America
F129	Central-Asian subregion,East-Asian subregion,China,Kirghizstan,Nepal,West-American subregion,Canadian subregion,Turanian province,Siberian province,Mongolia,Kazakhstan,Russia,USA,Canada	Palearctic,Nearctic,Indomalaya	Asia,Europe,North America
F095	Carribean subregion,Panama,Guatemala	Neotropic	South America
F308	Central-Asian subregion,China,East-Mediterranean province,Iranian province,Turanian province,Siberian province,Azerbaijan,Armenia,Georgia,Kirghizstan,Mongolia,Russia,Kazakhstan,Turkmenistan,Pakistan,Afghanistan,Syria,Lebanon,European province,Iran,East-Asian subregion,Nepal,West-Mediterranean province,Spain,Uzbekistan,India,France,Japan,Ireland,Great Britain,West-American subregion,USA	Palearctic,Nearctic,Afrotropic,Indomalaya	Africa,Asia,Europe,North America
F299	Canadian subregion,Canada,West-American subregion,European province,Russia,Finland,USA,Carribean subregion,Mexico,Panama,Central-Asian subregion,Siberian province,Kirghizstan,China,Kazakhstan,Mongolia,East-Mediterranean province,Iranian province,Greece,Iran,Switzerland,Ireland,Great Britain,Iceland,Turanian province,India,Norway,Antillean,East-American subregion,Cuba,West-Mediterranean province,France,Ukraine,Austria,Czech,Sweden,Denmark,Italy,Turkmenistan,East-Asian subregion,Slovakia,Korea,DPR,Japan,Germany,Armenia,Azerbaijan,Georgia,Afghanistan,Serbia,Turkey,Israel,New Zealand,Morocco,Bulgaria,Nepal,Slovenia,Poland,Portugal,Andean subregion,Peru,Greenland,Belgium	Palearctic,Nearctic,Afrotropic,Neotropic,Australasia,Indomalaya	Africa,Asia,Europe,North America,Oceania,South America
F300	Canadian subregion,Canada,West-American subregion,European province,Russia,Finland,USA,Carribean subregion,Mexico,Panama,Central-Asian subregion,Siberian province,Kirghizstan,China,Kazakhstan,Mongolia,East-Mediterranean province,Iranian province,Greece,Iran,Switzerland,Ireland,Great Britain,Iceland,Turanian province,India,Norway,Antillean,East-American subregion,Cuba,West-Mediterranean province,France,Ukraine,Austria,Czech,Sweden,Denmark,Italy,Turkmenistan,East-Asian subregion,Slovakia,Korea,DPR,Japan,Germany,Armenia,Azerbaijan,Georgia,Afghanistan,Serbia,Turkey,Israel,New Zealand,Morocco,Bulgaria,Nepal,Slovenia,Poland,Portugal,Andean subregion,Peru,Greenland,Belgium	Palearctic,Nearctic,Afrotropic,Neotropic,Australasia,Indomalaya	Africa,Asia,Europe,North America,Oceania,South America
F298	Canadian subregion,Canada,West-American subregion,European province,Russia,Finland,USA,Carribean subregion,Mexico,Panama,Central-Asian subregion,Siberian province,Kirghizstan,China,Kazakhstan,Mongolia,East-Mediterranean province,Iranian province,Greece,Iran,Switzerland,Ireland,Great Britain,Iceland,Turanian province,India,Norway,Antillean,East-American subregion,Cuba,West-Mediterranean province,France,Ukraine,Austria,Czech,Sweden,Denmark,Italy,Turkmenistan,East-Asian subregion,Slovakia,Korea,DPR,Japan,Germany,Armenia,Azerbaijan,Georgia,Afghanistan,Serbia,Turkey,Israel,New Zealand,Morocco,Bulgaria,Nepal,Slovenia,Poland,Portugal,Andean subregion,Peru,Greenland,Belgium	Palearctic,Nearctic,Afrotropic,Neotropic,Australasia,Indomalaya	Africa,Asia,Europe,North America,Oceania,South America
F010	Canadian subregion,Canada,West-American subregion,European province,Russia,Finland,USA,Carribean subregion,Mexico,Panama,Central-Asian subregion,Siberian province,Kirghizstan,China,Kazakhstan,Mongolia,East-Mediterranean province,Iranian province,Greece,Iran,Switzerland,Ireland,Great Britain,Iceland,Turanian province,India,Norway,Antillean,East-American subregion,Cuba,West-Mediterranean province,France,Ukraine,Austria,Czech,Sweden,Denmark,Italy,Turkmenistan,East-Asian subregion,Slovakia,Korea,DPR,Japan,Germany,Armenia,Azerbaijan,Georgia,Afghanistan,Serbia,Turkey,Israel,New Zealand,Morocco,Bulgaria,Nepal,Slovenia,Poland,Portugal,Andean subregion,Peru,Greenland,Belgium	Palearctic,Nearctic,Afrotropic,Neotropic,Australasia,Indomalaya	Africa,Asia,Europe,North America,Oceania,South America
F296	Canadian subregion,Canada,West-American subregion,European province,Russia,Finland,USA,Carribean subregion,Mexico,Panama,Central-Asian subregion,Siberian province,Kirghizstan,China,Kazakhstan,Mongolia,East-Mediterranean province,Iranian province,Greece,Iran,Switzerland,Ireland,Great Britain,Iceland,Turanian province,India,Norway,Antillean,East-American subregion,Cuba,West-Mediterranean province,France,Ukraine,Austria,Czech,Sweden,Denmark,Italy,Turkmenistan,East-Asian subregion,Slovakia,Korea,DPR,Japan,Germany,Armenia,Azerbaijan,Georgia,Afghanistan,Serbia,Turkey,Israel,New Zealand,Morocco,Bulgaria,Nepal,Slovenia,Poland,Portugal,Andean subregion,Peru,Greenland,Belgium	Palearctic,Nearctic,Afrotropic,Neotropic,Australasia,Indomalaya	Africa,Asia,Europe,North America,Oceania,South America
F035	Canadian subregion,Canada,West-American subregion,European province,Russia,Finland,USA,Carribean subregion,Mexico,Panama,Central-Asian subregion,Siberian province,Kirghizstan,China,Kazakhstan,Mongolia,East-Mediterranean province,Iranian province,Greece,Iran,Switzerland,Ireland,Great Britain,Iceland,Turanian province,India,Norway,Antillean,East-American subregion,Cuba,West-Mediterranean province,France,Ukraine,Austria,Czech,Sweden,Denmark,Italy,Turkmenistan,East-Asian subregion,Slovakia,Korea,DPR,Japan,Germany,Armenia,Azerbaijan,Georgia,Afghanistan,Serbia,Turkey,Israel,New Zealand,Morocco,Bulgaria,Nepal,Slovenia,Poland,Portugal,Andean subregion,Peru,Greenland,Belgium	Palearctic,Nearctic,Afrotropic,Neotropic,Australasia,Indomalaya	Africa,Asia,Europe,North America,Oceania,South America
F237	Canadian subregion,Canada,West-American subregion,European province,Russia,Finland,USA,Carribean subregion,Mexico,Panama,Central-Asian subregion,Siberian province,Kirghizstan,China,Kazakhstan,Mongolia,East-Mediterranean province,Iranian province,Greece,Iran,Switzerland,Ireland,Great Britain,Iceland,Turanian province,India,Norway,Antillean,East-American subregion,Cuba,West-Mediterranean province,France,Ukraine,Austria,Czech,Sweden,Denmark,Italy,Turkmenistan,East-Asian subregion,Slovakia,Korea,DPR,Japan,Germany,Armenia,Azerbaijan,Georgia,Afghanistan,Serbia,Turkey,Israel,New Zealand,Morocco,Bulgaria,Nepal,Slovenia,Poland,Portugal,Andean subregion,Peru,Greenland,Belgium	Palearctic,Nearctic,Afrotropic,Neotropic,Australasia,Indomalaya	Africa,Asia,Europe,North America,Oceania,South America
F040	Canadian subregion,Canada,West-American subregion,European province,Russia,Finland,USA,Carribean subregion,Mexico,Panama,Central-Asian subregion,Siberian province,Kirghizstan,China,Kazakhstan,Mongolia,East-Mediterranean province,Iranian province,Greece,Iran,Switzerland,Ireland,Great Britain,Iceland,Turanian province,India,Norway,Antillean,East-American subregion,Cuba,West-Mediterranean province,France,Ukraine,Austria,Czech,Sweden,Denmark,Italy,Turkmenistan,East-Asian subregion,Slovakia,Korea,DPR,Japan,Germany,Armenia,Azerbaijan,Georgia,Afghanistan,Serbia,Turkey,Israel,New Zealand,Morocco,Bulgaria,Nepal,Slovenia,Poland,Portugal,Andean subregion,Peru,Greenland,Belgium	Palearctic,Nearctic,Afrotropic,Neotropic,Australasia,Indomalaya	Africa,Asia,Europe,North America,Oceania,South America
F307	Central-Asian subregion,Siberian province,Kazakhstan,Mongolia,Russia,Turanian province,Kirghizstan,European province,Austria,Serbia,Czech,East-Mediterranean province,Romania,Bulgaria,Slovakia,Turkey,Ukraine,East-Asian subregion,China,Armenia,Iranian province,Afghanistan,Turkmenistan	Palearctic,Afrotropic,Indomalaya	Africa,Asia,Europe
F147	Central-Asian subregion,Siberian province,Kazakhstan,Mongolia,Russia,Turanian province,Kirghizstan,European province,Austria,Serbia,Czech,East-Mediterranean province,Romania,Bulgaria,Slovakia,Turkey,Ukraine,East-Asian subregion,China,Armenia,Iranian province,Afghanistan,Turkmenistan	Palearctic,Afrotropic,Indomalaya	Africa,Asia,Europe
F272	Patagonian subregion,Argentina,Chile,Carribean subregion,Malayan subregion,West-American subregion,Canadian subregion,Sweden,Norway,Finland,Iceland,Russia,Greece,Nepal,Philippines,Indonesia,Malaysia,Canada,USA,Venezuela,Panama,East-Mediterranean province,East-Asian subregion,European province,Andean subregion,Peru,Siberian province,Falkland Islands,Mexico	Palearctic,Nearctic,Neotropic,Australasia,Indomalaya	Africa,Asia,Europe,North America,Oceania,South America
F196	Patagonian subregion,Argentina,Chile,Carribean subregion,Malayan subregion,West-American subregion,Canadian subregion,Sweden,Norway,Finland,Iceland,Russia,Greece,Nepal,Philippines,Indonesia,Malaysia,Canada,USA,Venezuela,Panama,East-Mediterranean province,East-Asian subregion,European province,Andean subregion,Peru,Siberian province,Falkland Islands,Mexico	Palearctic,Nearctic,Neotropic,Australasia,Indomalaya	Africa,Asia,Europe,North America,Oceania,South America
F165	Patagonian subregion,Argentina,Chile,Carribean subregion,Malayan subregion,West-American subregion,Canadian subregion,Sweden,Norway,Finland,Iceland,Russia,Greece,Nepal,Philippines,Indonesia,Malaysia,Canada,USA,Venezuela,Panama,East-Mediterranean province,East-Asian subregion,European province,Andean subregion,Peru,Siberian province,Falkland Islands,Mexico	Palearctic,Nearctic,Neotropic,Australasia,Indomalaya	Africa,Asia,Europe,North America,Oceania,South America
F044	West-American subregion,USA,Mexico,Canada	Nearctic,Neotropic	North America,South America
F465	West-American subregion,USA,Mexico,Canada	Nearctic,Neotropic	North America,South America
F218	Carribean subregion,Mexico,West-American subregion,USA,Panama,Guatemala	Nearctic,Neotropic	North America,South America
F159	Carribean subregion,Mexico,West-American subregion,USA,Panama,Guatemala	Nearctic,Neotropic	North America,South America
FXG731	Carribean subregion,Mexico,West-American subregion,USA,Panama,Guatemala	Nearctic,Neotropic	North America,South America
FXG379	Carribean subregion,Mexico,West-American subregion,USA,Panama,Guatemala	Nearctic,Neotropic	North America,South America
FXG763	Carribean subregion,Mexico,West-American subregion,USA,Panama,Guatemala	Nearctic,Neotropic	North America,South America
F160	Carribean subregion,Panama,Andean subregion,Ecuador,Salvador,Amazonian subregion,Colombia,Nicaragua,West-American subregion,Mexico,Guatemala	Nearctic,Neotropic	North America,South America
F123	Carribean subregion,Panama,Andean subregion,Ecuador,Salvador,Amazonian subregion,Colombia,Nicaragua,West-American subregion,Mexico,Guatemala	Nearctic,Neotropic	North America,South America
F031	West-American subregion,USA,Canada	Nearctic	North America
F427	West-American subregion,Canadian subregion,USA,Canada,East-American subregion,East-Asian subregion,Siberian province,Russia,China,European province,Mongolia,Greenland,Central-Asian subregion,Austria,Finland,Sweden,Norway,Great Britain,Japan,Turkey,Poland,Bulgaria,Switzerland,Italy,France,Denmark,Ireland,Belgium,Netherlands	Palearctic,Nearctic,Indomalaya	Asia,Europe,North America
F049	West-American subregion,Canadian subregion,USA,Canada,East-American subregion,East-Asian subregion,Siberian province,Russia,China,European province,Mongolia,Greenland,Central-Asian subregion,Austria,Finland,Sweden,Norway,Great Britain,Japan,Turkey,Poland,Bulgaria,Switzerland,Italy,France,Denmark,Ireland,Belgium,Netherlands	Palearctic,Nearctic,Indomalaya	Asia,Europe,North America
F169	West-American subregion,Canadian subregion,USA,Canada,East-American subregion,East-Asian subregion,Siberian province,Russia,China,European province,Mongolia,Greenland,Central-Asian subregion,Austria,Finland,Sweden,Norway,Great Britain,Japan,Turkey,Poland,Bulgaria,Switzerland,Italy,France,Denmark,Ireland,Belgium,Netherlands	Palearctic,Nearctic,Indomalaya	Asia,Europe,North America
Cef34	West-American subregion,Canadian subregion,USA,Canada,East-American subregion,East-Asian subregion,Siberian province,Russia,China,European province,Mongolia,Greenland,Central-Asian subregion,Austria,Finland,Sweden,Norway,Great Britain,Japan,Turkey,Poland,Bulgaria,Switzerland,Italy,France,Denmark,Ireland,Belgium,Netherlands	Palearctic,Nearctic,Indomalaya	Asia,Europe,North America
F079	West-American subregion,Canadian subregion,USA,Canada,East-American subregion,East-Asian subregion,Siberian province,Russia,China,European province,Mongolia,Greenland,Central-Asian subregion,Austria,Finland,Sweden,Norway,Great Britain,Japan,Turkey,Poland,Bulgaria,Switzerland,Italy,France,Denmark,Ireland,Belgium,Netherlands	Palearctic,Nearctic,Indomalaya	Asia,Europe,North America
F260	West-American subregion,Canadian subregion,USA,Canada,East-American subregion,East-Asian subregion,Siberian province,Russia,China,European province,Mongolia,Greenland,Central-Asian subregion,Austria,Finland,Sweden,Norway,Great Britain,Japan,Turkey,Poland,Bulgaria,Switzerland,Italy,France,Denmark,Ireland,Belgium,Netherlands	Palearctic,Nearctic,Indomalaya	Asia,Europe,North America
F248	West-American subregion,Canadian subregion,USA,Canada,East-American subregion,East-Asian subregion,Siberian province,Russia,China,European province,Mongolia,Greenland,Central-Asian subregion,Austria,Finland,Sweden,Norway,Great Britain,Japan,Turkey,Poland,Bulgaria,Switzerland,Italy,France,Denmark,Ireland,Belgium,Netherlands	Palearctic,Nearctic,Indomalaya	Asia,Europe,North America
F051	Central-Asian subregion,Kirghizstan,East-Mediterranean province,Greece,Iranian province,Afghanistan,Indian subregion,India,Turkey,China,Turanian province,Kazakhstan,Turkmenistan,West-Mediterranean province,Morocco,Iran,Italy,Tunesia,Algeria,Sahara-Arabian subregion,Iraq,Sri Lanka,East-Asian subregion,European province,Georgia,Armenia,Azerbaijan,Russia,Romania,Lebanon,Syria,Earth,Egypt,West-American subregion,USA,Israel,Jordan,East-African subregion,Zambia,Malawi,Zaire,Tanzania,Uganda,Kenya,Saudi Arabia,Mongolia,Portugal,France,Great Britain,Sudan,Siberian province,Ukraine,Japan,Uzbekistan,Tajikistan,Nepal,Indo-Chinese subregion,Vietnam	Palearctic,Nearctic,Afrotropic,Neotropic,Australasia,Indomalaya	Africa,Asia,Europe,North America,Oceania,South America
F317	Central-Asian subregion,Kirghizstan,East-Mediterranean province,Greece,Iranian province,Afghanistan,Indian subregion,India,Turkey,China,Turanian province,Kazakhstan,Turkmenistan,West-Mediterranean province,Morocco,Iran,Italy,Tunesia,Algeria,Sahara-Arabian subregion,Iraq,Sri Lanka,East-Asian subregion,European province,Georgia,Armenia,Azerbaijan,Russia,Romania,Lebanon,Syria,Earth,Egypt,West-American subregion,USA,Israel,Jordan,East-African subregion,Zambia,Malawi,Zaire,Tanzania,Uganda,Kenya,Saudi Arabia,Mongolia,Portugal,France,Great Britain,Sudan,Siberian province,Ukraine,Japan,Uzbekistan,Tajikistan,Nepal,Indo-Chinese subregion,Vietnam	Palearctic,Nearctic,Afrotropic,Neotropic,Australasia,Indomalaya	Africa,Asia,Europe,North America,Oceania,South America
F321	Central-Asian subregion,Kirghizstan,East-Mediterranean province,Greece,Iranian province,Afghanistan,Indian subregion,India,Turkey,China,Turanian province,Kazakhstan,Turkmenistan,West-Mediterranean province,Morocco,Iran,Italy,Tunesia,Algeria,Sahara-Arabian subregion,Iraq,Sri Lanka,East-Asian subregion,European province,Georgia,Armenia,Azerbaijan,Russia,Romania,Lebanon,Syria,Earth,Egypt,West-American subregion,USA,Israel,Jordan,East-African subregion,Zambia,Malawi,Zaire,Tanzania,Uganda,Kenya,Saudi Arabia,Mongolia,Portugal,France,Great Britain,Sudan,Siberian province,Ukraine,Japan,Uzbekistan,Tajikistan,Nepal,Indo-Chinese subregion,Vietnam	Palearctic,Nearctic,Afrotropic,Neotropic,Australasia,Indomalaya	Africa,Asia,Europe,North America,Oceania,South America
F108	Central-Asian subregion,Kirghizstan,East-Mediterranean province,Greece,Iranian province,Afghanistan,Indian subregion,India,Turkey,China,Turanian province,Kazakhstan,Turkmenistan,West-Mediterranean province,Morocco,Iran,Italy,Tunesia,Algeria,Sahara-Arabian subregion,Iraq,Sri Lanka,East-Asian subregion,European province,Georgia,Armenia,Azerbaijan,Russia,Romania,Lebanon,Syria,Earth,Egypt,West-American subregion,USA,Israel,Jordan,East-African subregion,Zambia,Malawi,Zaire,Tanzania,Uganda,Kenya,Saudi Arabia,Mongolia,Portugal,France,Great Britain,Sudan,Siberian province,Ukraine,Japan,Uzbekistan,Tajikistan,Nepal,Indo-Chinese subregion,Vietnam	Palearctic,Nearctic,Afrotropic,Neotropic,Australasia,Indomalaya	Africa,Asia,Europe,North America,Oceania,South America
F323	Central-Asian subregion,Kirghizstan,East-Mediterranean province,Greece,Iranian province,Afghanistan,Indian subregion,India,Turkey,China,Turanian province,Kazakhstan,Turkmenistan,West-Mediterranean province,Morocco,Iran,Italy,Tunesia,Algeria,Sahara-Arabian subregion,Iraq,Sri Lanka,East-Asian subregion,European province,Georgia,Armenia,Azerbaijan,Russia,Romania,Lebanon,Syria,Earth,Egypt,West-American subregion,USA,Israel,Jordan,East-African subregion,Zambia,Malawi,Zaire,Tanzania,Uganda,Kenya,Saudi Arabia,Mongolia,Portugal,France,Great Britain,Sudan,Siberian province,Ukraine,Japan,Uzbekistan,Tajikistan,Nepal,Indo-Chinese subregion,Vietnam	Palearctic,Nearctic,Afrotropic,Neotropic,Australasia,Indomalaya	Africa,Asia,Europe,North America,Oceania,South America
F042	West-American subregion,USA,Mexico,Canadian subregion,Canada	Nearctic,Neotropic	North America,South America
F188	West-American subregion,USA,Mexico,Canadian subregion,Canada	Nearctic,Neotropic	North America,South America
F008	West-American subregion,Canadian subregion,USA,Canada,East-American subregion,Mexico,Carribean subregion,Turanian province,Kazakhstan,Earth,Central-Asian subregion,Siberian province,Mongolia	Palearctic,Nearctic,Afrotropic,Neotropic,Australasia,Indomalaya	Africa,Asia,Europe,North America,Oceania,South America
F463	West-American subregion,Canadian subregion,USA,Canada,East-American subregion,Mexico,Carribean subregion,Turanian province,Kazakhstan,Earth,Central-Asian subregion,Siberian province,Mongolia	Palearctic,Nearctic,Afrotropic,Neotropic,Australasia,Indomalaya	Africa,Asia,Europe,North America,Oceania,South America
F022	West-American subregion,Canadian subregion,USA,Canada,East-American subregion,Mexico,Carribean subregion,Turanian province,Kazakhstan,Earth,Central-Asian subregion,Siberian province,Mongolia	Palearctic,Nearctic,Afrotropic,Neotropic,Australasia,Indomalaya	Africa,Asia,Europe,North America,Oceania,South America
F048	Canadian subregion,Siberian province,USA,Canada,Mongolia,Russia,West-American subregion,East-American subregion,Turanian province,European province,Kirghizstan,Kazakhstan,Ukraine,Mexico,Central-Asian subregion,East-Asian subregion,China,Afghanistan,East-Mediterranean province,Turkey	Palearctic,Nearctic,Neotropic,Indomalaya	Africa,Asia,Europe,North America,South America
F406	Canadian subregion,Siberian province,USA,Canada,Mongolia,Russia,West-American subregion,East-American subregion,Turanian province,European province,Kirghizstan,Kazakhstan,Ukraine,Mexico,Central-Asian subregion,East-Asian subregion,China,Afghanistan,East-Mediterranean province,Turkey	Palearctic,Nearctic,Neotropic,Indomalaya	Africa,Asia,Europe,North America,South America
F103	East-Asian subregion,China,Japan,Indo-Chinese subregion,Myanmar,Malayan subregion,Indonesia,Palearctic region,East-Mediterranean province,Turanian province,Siberian province,European province,Ireland,France,Norway,Switzerland,Sweden,Denmark,Ukraine,Great Britain,Turkey,Syria,Kazakhstan,Russia,Austria,Netherlands,Malaysia	Palearctic,Australasia,Indomalaya	Africa,Asia,Europe,Oceania
F318	Turanian province,Kazakhstan,Central-Asian subregion,Mongolia	Palearctic	Asia
F158	Carribean subregion,Venezuela,Colombia,West-American subregion,USA,Mexico,Peru,Salvador,Guatemala,Ecuador	Nearctic,Neotropic	North America,South America
F096	Carribean subregion,Venezuela,Colombia,West-American subregion,USA,Mexico,Peru,Salvador,Guatemala,Ecuador	Nearctic,Neotropic	North America,South America
FXG272	Carribean subregion,Venezuela,Colombia,West-American subregion,USA,Mexico,Peru,Salvador,Guatemala,Ecuador	Nearctic,Neotropic	North America,South America
FXG810	Carribean subregion,Venezuela,Colombia,West-American subregion,USA,Mexico,Peru,Salvador,Guatemala,Ecuador	Nearctic,Neotropic	North America,South America
Cef12	West-American subregion,USA,Canada	Nearctic	North America
F284	West-American subregion,USA,Canada	Nearctic	North America
F256	West-American subregion,Canadian subregion,Canada,USA,Mexico	Nearctic,Neotropic	North America,South America
Cef14	West-American subregion,Canadian subregion,Canada,USA,Mexico	Nearctic,Neotropic	North America,South America
Cef100	West-American subregion,USA	Nearctic	North America
F184	West-American subregion,USA,East-American subregion,Carribean subregion,Mexico	Nearctic,Neotropic	North America,South America
F011	Carribean subregion,Mexico,East-American subregion,West-American subregion,USA,Canada	Nearctic,Neotropic	North America,South America
F168	Carribean subregion,Mexico,East-American subregion,West-American subregion,USA,Canada	Nearctic,Neotropic	North America,South America
QRS140			
